,Portfolio-Value-diff,Market-based-PnL,Summe Einzel-Tages-PnL,Abweichung (Portfolio vs Market),Abweichung (Portfolio vs Summe)
2019-12-02,0.0,0.0,0.0,0.0,0.0
2019-12-03,0.0,0.0,0.0,0.0,0.0
2019-12-04,0.0,0.0,0.0,0.0,0.0
2019-12-05,0.0,0.0,0.0,0.0,0.0
2019-12-06,0.0,0.0,0.0,0.0,0.0
2019-12-09,0.0,0.0,0.0,0.0,0.0
2019-12-10,0.0,0.0,0.0,0.0,0.0
2019-12-11,0.0,0.0,0.0,0.0,0.0
2019-12-12,0.0,0.0,0.0,0.0,0.0
2019-12-13,0.0,0.0,0.0,0.0,0.0
2019-12-16,0.0,0.0,0.0,0.0,0.0
2019-12-17,0.0,0.0,0.0,0.0,0.0
2019-12-18,0.0,0.0,0.0,0.0,0.0
2019-12-19,0.0,0.0,0.0,0.0,0.0
2019-12-20,0.0,0.0,0.0,0.0,0.0
2019-12-23,0.0,0.0,0.0,0.0,0.0
2019-12-24,0.0,0.0,0.0,0.0,0.0
2019-12-25,0.0,0.0,0.0,0.0,0.0
2019-12-26,0.0,0.0,0.0,0.0,0.0
2019-12-27,0.0,0.0,0.0,0.0,0.0
2019-12-30,0.0,0.0,0.0,0.0,0.0
2019-12-31,0.0,0.0,0.0,0.0,0.0
2020-01-01,0.0,0.0,0.0,0.0,0.0
2020-01-02,488.23013540716784,488.23013540715516,488.2301354071552,1.2676082405960187e-11,1.261923898709938e-11
2020-01-03,-547.0356997829804,-547.0356997829729,-547.0356997829729,-7.503331289626658e-12,-7.503331289626658e-12
2020-01-06,392.4924834046542,392.49248340468705,392.492483404687,-3.285549610154703e-11,-3.2798652682686225e-11
2020-01-07,-134.13861286149768,-134.13861286150507,-134.13861286150504,7.389644451905042e-12,7.361222742474638e-12
2020-01-08,1031.6111045201396,1031.6111045201023,1031.6111045201023,3.728928277269006e-11,3.728928277269006e-11
2020-01-09,1167.2906755279255,1167.2906755279632,1167.2906755279632,-3.774403012357652e-11,-3.774403012357652e-11
2020-01-10,85.50668744299037,85.50668744300725,85.5066874430072,-1.688249540165998e-11,-1.6825651982799172e-11
2020-01-13,1315.9353699791682,1315.9353699791607,1315.935369979161,7.503331289626658e-12,7.275957614183426e-12
2020-01-14,84.22049358699587,84.22049358699658,84.22049358699655,-7.105427357601002e-13,-6.821210263296962e-13
2020-01-15,264.52507685923774,264.52507685923314,264.5250768592332,4.604316927725449e-12,4.547473508864641e-12
2020-01-16,654.8234770610143,654.8234770609995,654.8234770609994,1.4779288903810084e-11,1.48929757415317e-11
2020-01-17,141.0104914578842,141.01049145791023,141.01049145791026,-2.603428583825007e-11,-2.6062707547680475e-11
2020-01-20,0.0,0.0,0.0,0.0,0.0
2020-01-21,845.2665459196724,845.2665459196178,845.2665459196179,5.4569682106375694e-11,5.445599526865408e-11
2020-01-22,334.82968686787353,334.82968686788655,334.82968686788655,-1.3017142919125035e-11,-1.3017142919125035e-11
2020-01-23,38.446782324957894,38.44678232495788,38.44678232495788,1.4210854715202004e-14,1.4210854715202004e-14
2020-01-24,-681.115694185457,-681.1156941854407,-681.1156941854405,-1.6257217794191092e-11,-1.6484591469634324e-11
2020-01-27,-1167.555212320498,-1167.5552123205202,-1167.5552123205202,2.2282620193436742e-11,2.2282620193436742e-11
2020-01-28,1091.554718216532,1091.5547182165594,1091.5547182165594,-2.751221472863108e-11,-2.751221472863108e-11
2020-01-29,225.9988220436935,225.998822043717,225.998822043717,-2.3504753698944114e-11,-2.3504753698944114e-11
2020-01-30,1174.3537144227157,1174.3537144226623,1174.3537144226623,5.3432813729159534e-11,5.3432813729159534e-11
2020-01-31,-1955.7802000164666,-1955.7802000164418,-1955.7802000164418,-2.4783730623312294e-11,-2.4783730623312294e-11
2020-02-03,3678.805353653879,3678.805353653897,3678.805353653896,-1.77351466845721e-11,-1.6825651982799172e-11
2020-02-04,3905.340799356971,3905.340799356962,3905.3407993569613,8.640199666842818e-12,9.549694368615746e-12
2020-02-05,-2395.8576235811634,-2395.857623581159,-2395.8576235811593,-4.547473508864641e-12,-4.092726157978177e-12
2020-02-06,830.9411937811092,830.9411937810913,830.9411937810911,1.7848833522293717e-11,1.807620719773695e-11
2020-02-07,-193.27368972919066,-193.27368972917276,-193.27368972917282,-1.7905676941154525e-11,-1.7848833522293717e-11
2020-02-10,972.8828017387277,972.8828017387286,972.8828017387285,-9.094947017729282e-13,-7.958078640513122e-13
2020-02-11,-862.1732770585659,-862.1732770585639,-862.1732770585637,-1.9326762412674725e-12,-2.1600499167107046e-12
2020-02-12,102.33159841352608,102.3315984135175,102.33159841351751,8.58335624798201e-12,8.569145393266808e-12
2020-02-13,888.2293885337858,888.229388533768,888.2293885337681,1.7848833522293717e-11,1.77351466845721e-11
2020-02-14,171.3836970058037,171.38369700583706,171.3836970058371,-3.3367086871294305e-11,-3.339550858072471e-11
2020-02-17,0.0,0.0,0.0,0.0,0.0
2020-02-18,1479.1960143865872,1479.1960143865613,1479.196014386561,2.5920599000528455e-11,2.6147972675971687e-11
2020-02-19,1751.636250376352,1751.6362503763555,1751.6362503763557,-3.410605131648481e-12,-3.637978807091713e-12
2020-02-20,-399.38233994205075,-399.3823399420307,-399.3823399420307,-2.006572685786523e-11,-2.006572685786523e-11
2020-02-21,-780.8151109963947,-780.8151109964393,-780.8151109964392,4.46789272245951e-11,4.4565240386873484e-11
2020-02-24,-4619.950267284483,-4619.950267284426,-4619.950267284426,-5.638867150992155e-11,-5.638867150992155e-11
2020-02-25,-2847.926122595716,-2847.926122595749,-2847.92612259575,3.2741809263825417e-11,3.3651303965598345e-11
2020-02-26,-727.2492045944527,-727.2492045944476,-727.2492045944476,-5.115907697472721e-12,-5.115907697472721e-12
2020-02-27,-6500.941208640725,-6500.941208640733,-6500.941208640734,8.185452315956354e-12,9.094947017729282e-12
2020-02-28,-1006.0338284345053,-1006.03382843452,-1006.0338284345202,1.4779288903810084e-11,1.48929757415317e-11
2020-03-02,7153.472480833516,7153.472480833577,7153.472480833577,-6.093614501878619e-11,-6.093614501878619e-11
2020-03-03,-2277.2875627137837,-2277.2875627138087,-2277.287562713809,2.5011104298755527e-11,2.546585164964199e-11
2020-03-04,4409.8039629012055,4409.803962901254,4409.803962901254,-4.8203219193965197e-11,-4.8203219193965197e-11
2020-03-05,-2497.8613258910336,-2497.861325891032,-2497.8613258910314,-1.8189894035458565e-12,-2.2737367544323206e-12
2020-03-06,-1493.7010038656008,-1493.7010038656283,-1493.7010038656283,2.751221472863108e-11,2.751221472863108e-11
2020-03-09,-7131.099836430658,-7131.0998364306615,-7131.0998364306615,3.637978807091713e-12,3.637978807091713e-12
2020-03-10,4715.246816647996,4715.246816648004,4715.246816648004,-8.185452315956354e-12,-8.185452315956354e-12
2020-03-11,-3991.4109551278525,-3991.410955127892,-3991.4109551278925,3.956301952712238e-11,4.001776687800884e-11
2020-03-12,-9070.386297310732,-9070.386297310713,-9070.386297310712,-1.8189894035458565e-11,-2.000888343900442e-11
2020-03-13,7595.128197853774,7595.128197853773,7595.128197853774,9.094947017729282e-13,0.0
2020-03-16,-10346.392265308474,-10346.392265308506,-10346.392265308505,3.2741809263825417e-11,3.092281986027956e-11
2020-03-17,5647.1148633368575,5647.114863336922,5647.114863336923,-6.45741238258779e-11,-6.548361852765083e-11
2020-03-18,-3578.352678520081,-3578.352678520125,-3578.352678520125,4.411049303598702e-11,4.411049303598702e-11
2020-03-19,206.86941071307228,206.86941071308252,206.86941071308226,-1.0231815394945443e-11,-9.976020010071807e-12
2020-03-20,-4267.024053377943,-4267.024053377937,-4267.024053377936,-6.366462912410498e-12,-7.275957614183426e-12
2020-03-23,-1587.3757119654038,-1587.3757119653912,-1587.3757119653912,-1.2505552149377763e-11,-1.2505552149377763e-11
2020-03-24,5980.760480869736,5980.7604808697315,5980.760480869732,4.547473508864641e-12,3.637978807091713e-12
2020-03-25,291.60778614666197,291.6077861466531,291.6077861466531,8.86757334228605e-12,8.86757334228605e-12
2020-03-26,4388.829222818531,4388.8292228185355,4388.829222818536,-4.547473508864641e-12,-5.4569682106375694e-12
2020-03-27,-1558.4284294692916,-1558.4284294693093,-1558.428429469309,1.77351466845721e-11,1.750777300912887e-11
2020-03-30,2957.7022912383545,2957.7022912383345,2957.702291238334,2.000888343900442e-11,2.0463630789890885e-11
2020-03-31,-838.093164417849,-838.093164417799,-838.0931644177989,-5.002220859751105e-11,-5.013589543523267e-11
2020-04-01,-3217.9565844185563,-3217.9565844186172,-3217.956584418617,6.093614501878619e-11,6.048139766789973e-11
2020-04-02,1164.3291664254066,1164.3291664254389,1164.3291664254389,-3.228706191293895e-11,-3.228706191293895e-11
2020-04-03,-63.251382141635986,-63.251382141652826,-63.25138214165278,1.6839862837514374e-11,1.679723027336877e-11
2020-04-06,4892.252309642732,4892.252309642807,4892.252309642807,-7.457856554538012e-11,-7.457856554538012e-11
2020-04-07,281.60543823137414,281.6054382313116,281.60543823131144,6.252776074688882e-11,6.269829100347124e-11
2020-04-08,1626.1087331532617,1626.1087331532915,1626.1087331532913,-2.97859514830634e-11,-2.955857780762017e-11
2020-04-09,560.8874362185743,560.8874362185429,560.8874362185429,3.1377567211166024e-11,3.1377567211166024e-11
2020-04-10,0.0,0.0,0.0,0.0,0.0
2020-04-13,3136.904987863192,3136.9049878631677,3136.9049878631677,2.4556356947869062e-11,2.4556356947869062e-11
2020-04-14,5495.2140120478,5495.214012047822,5495.2140120478225,-2.1827872842550278e-11,-2.2737367544323206e-11
2020-04-15,360.16995779231365,360.16995779233145,360.16995779233145,-1.779199010343291e-11,-1.779199010343291e-11
2020-04-16,2315.893256070456,2315.8932560704156,2315.8932560704166,4.0472514228895307e-11,3.956301952712238e-11
2020-04-17,966.7152558676607,966.715255867673,966.7152558676729,-1.2278178473934531e-11,-1.2164491636212915e-11
2020-04-20,-1159.5468284539966,-1159.5468284540027,-1159.546828454003,6.139089236967266e-12,6.366462912410498e-12
2020-04-21,-4606.587861320921,-4606.587861320896,-4606.587861320896,-2.4556356947869062e-11,-2.4556356947869062e-11
2020-04-22,3314.4589410855406,3314.458941085528,3314.458941085528,1.2732925824820995e-11,1.2732925824820995e-11
2020-04-23,-727.972424220774,-727.9724242207373,-727.9724242207371,-3.672084858408198e-11,-3.6834535421803594e-11
2020-04-24,1759.6383892500162,1759.63838924999,1759.6383892499903,2.6147972675971687e-11,2.5920599000528455e-11
2020-04-27,2245.9451424465806,2245.945142446613,2245.945142446613,-3.228706191293895e-11,-3.228706191293895e-11
2020-04-28,-2721.0702754910744,-2721.0702754911094,-2721.07027549111,3.501554601825774e-11,3.54702933691442e-11
2020-04-29,2480.640355469848,2480.6403554698622,2480.6403554698622,-1.4097167877480388e-11,-1.4097167877480388e-11
2020-04-30,-502.2845848985162,-502.2845848985157,-502.2845848985158,-5.115907697472721e-13,-3.979039320256561e-13
2020-05-01,-5163.4058378011105,-5163.405837801094,-5163.405837801095,-1.6370904631912708e-11,-1.546140993013978e-11
2020-05-04,2811.6125487858953,2811.612548785904,2811.612548785904,-8.640199666842818e-12,-8.640199666842818e-12
2020-05-05,1115.9918424360221,1115.9918424359994,1115.9918424359992,2.2737367544323206e-11,2.2964741219766438e-11
2020-05-06,886.0271390905837,886.0271390906038,886.0271390906037,-2.0122570276726037e-11,-2.000888343900442e-11
2020-05-07,326.39233040908584,326.3923304090876,326.39233040908766,-1.7621459846850485e-12,-1.8189894035458565e-12
2020-05-08,2226.7054608738545,2226.7054608738536,2226.705460873854,9.094947017729282e-13,4.547473508864641e-13
2020-05-11,1301.6607026795245,1301.6607026795396,1301.6607026795393,-1.5006662579253316e-11,-1.4779288903810084e-11
2020-05-12,-1757.7192710013478,-1757.7192710013685,-1757.7192710013685,2.0691004465334117e-11,2.0691004465334117e-11
2020-05-13,-972.0667194791022,-972.0667194790875,-972.0667194790876,-1.4665602066088468e-11,-1.4551915228366852e-11
2020-05-14,1392.1166569297493,1392.1166569297357,1392.1166569297357,1.3642420526593924e-11,1.3642420526593924e-11
2020-05-15,1278.1288836034946,1278.128883603483,1278.1288836034828,1.1596057447604835e-11,1.1823431123048067e-11
2020-05-18,1762.0303985960636,1762.0303985960788,1762.030398596079,-1.5234036254696548e-11,-1.546140993013978e-11
2020-05-19,-276.7821818980592,-276.7821818980597,-276.7821818980598,5.115907697472721e-13,5.684341886080801e-13
2020-05-20,1244.0294931834505,1244.029493183444,1244.029493183444,6.59383658785373e-12,6.59383658785373e-12
2020-05-21,-978.8504898512474,-978.8504898512749,-978.8504898512749,2.751221472863108e-11,2.751221472863108e-11
2020-05-22,133.35452668304788,133.3545266830716,133.35452668307167,-2.3732127374387346e-11,-2.3788970793248154e-11
2020-05-25,0.0,0.0,0.0,0.0,0.0
2020-05-26,-1030.5732341239927,-1030.5732341240027,-1030.5732341240025,1.000444171950221e-11,9.777068044058979e-12
2020-05-27,-369.5345355759782,-369.5345355759555,-369.53453557595554,-2.2737367544323206e-11,-2.2680524125462398e-11
2020-05-28,-170.24058996689564,-170.2405899668759,-170.2405899668759,-1.9753088054130785e-11,-1.9753088054130785e-11
2020-05-29,2353.8690663650195,2353.869066364976,2353.8690663649763,4.3655745685100555e-11,4.320099833421409e-11
2020-06-01,1808.7039099826216,1808.7039099826115,1808.7039099826113,1.000444171950221e-11,1.0231815394945443e-11
2020-06-02,-194.84477173010237,-194.844771730138,-194.84477173013795,3.5640823625726625e-11,3.558398020686582e-11
2020-06-03,165.99868535695714,165.9986853570008,165.99868535700077,-4.3655745685100555e-11,-4.362732397567015e-11
2020-06-04,-569.6592023858975,-569.6592023859073,-569.6592023859074,9.777068044058979e-12,9.890754881780595e-12
2020-06-05,2214.917210789601,2214.9172107896125,2214.917210789612,-1.1368683772161603e-11,-1.0913936421275139e-11
2020-06-08,1339.8820270581055,1339.8820270580516,1339.8820270580518,5.3887561080046e-11,5.3660187404602766e-11
2020-06-09,1295.7755571933376,1295.7755571933787,1295.7755571933787,-4.1154635255225e-11,-4.1154635255225e-11
2020-06-10,3805.424379428121,3805.424379428125,3805.424379428125,-4.092726157978177e-12,-4.092726157978177e-12
2020-06-11,-5828.183740444569,-5828.183740444593,-5828.183740444593,2.4556356947869062e-11,2.4556356947869062e-11
2020-06-12,-439.778291411174,-439.7782914111944,-439.7782914111945,2.0406787371030077e-11,2.0520474208751693e-11
2020-06-15,2389.6431008067157,2389.6431008067752,2389.643100806775,-5.95719029661268e-11,-5.911715561524034e-11
2020-06-16,1073.3737783097313,1073.3737783097163,1073.3737783097163,1.5006662579253316e-11,1.5006662579253316e-11
2020-06-17,570.8454273097304,570.845427309682,570.8454273096821,4.843059286940843e-11,4.831690603168681e-11
2020-06-18,375.1933975984575,375.1933975985097,375.19339759850965,-5.218225851422176e-11,-5.212541509536095e-11
2020-06-19,-114.59569997822109,-114.59569997824677,-114.59569997824674,2.567901447037002e-11,2.5650592760939617e-11
2020-06-22,1535.0112141034624,1535.0112141034795,1535.0112141034795,-1.7053025658242404e-11,-1.7053025658242404e-11
2020-06-23,852.313162310922,852.3131623109041,852.3131623109041,1.7962520360015333e-11,1.7962520360015333e-11
2020-06-24,-2844.778152651692,-2844.7781526516974,-2844.7781526516974,5.4569682106375694e-12,5.4569682106375694e-12
2020-06-25,2154.116367394803,2154.116367394788,2154.1163673947885,1.5006662579253316e-11,1.4551915228366852e-11
2020-06-26,-3380.019062835432,-3380.019062835401,-3380.0190628354017,-3.092281986027956e-11,-3.0468072509393096e-11
2020-06-29,2401.6601495870127,2401.660149587006,2401.6601495870063,6.821210263296962e-12,6.366462912410498e-12
2020-06-30,3483.9985838780995,3483.9985838781154,3483.9985838781163,-1.5916157281026244e-11,-1.6825651982799172e-11
2020-07-01,2303.0638996612834,2303.0638996612342,2303.063899661234,4.9112713895738125e-11,4.956746124662459e-11
2020-07-02,2519.763630529924,2519.763630529979,2519.7636305299784,-5.502442945726216e-11,-5.4569682106375694e-11
2020-07-03,0.0,0.0,0.0,0.0,0.0
2020-07-06,7187.846037655661,7187.846037655699,7187.846037655699,-3.728928277269006e-11,-3.728928277269006e-11
2020-07-07,-177.12341915344587,-177.12341915349617,-177.12341915349623,5.030642569181509e-11,5.03632691106759e-11
2020-07-08,1893.0835860452498,1893.0835860452744,1893.083586045274,-2.4556356947869062e-11,-2.4101609596982598e-11
2020-07-09,2560.308433017519,2560.308433017474,2560.3084330174734,4.501998773775995e-11,4.547473508864641e-11
2020-07-10,3973.4566198452376,3973.4566198452467,3973.4566198452467,-9.094947017729282e-12,-9.094947017729282e-12
2020-07-13,-3532.7025971293915,-3532.7025971293792,-3532.7025971293792,-1.2278178473934531e-11,-1.2278178473934531e-11
2020-07-14,2013.9820365419728,2013.9820365419903,2013.9820365419905,-1.750777300912887e-11,-1.77351466845721e-11
2020-07-15,-154.10702969692647,-154.10702969702834,-154.1070296970284,1.0186340659856796e-10,1.0192025001742877e-10
2020-07-16,-1824.8141063044313,-1824.814106304376,-1824.814106304376,-5.525180313270539e-11,-5.525180313270539e-11
2020-07-17,-334.8338207261986,-334.8338207261829,-334.8338207261829,-1.5688783605583012e-11,-1.5688783605583012e-11
2020-07-20,7174.161379890924,7174.161379890888,7174.1613798908875,3.54702933691442e-11,3.637978807091713e-11
2020-07-21,-3231.502643859072,-3231.5026438590426,-3231.502643859043,-2.955857780762017e-11,-2.9103830456733704e-11
2020-07-22,638.4577269523288,638.4577269523364,638.4577269523363,-7.617018127348274e-12,-7.503331289626658e-12
2020-07-23,-5326.187166079704,-5326.1871660797,-5326.1871660797,-4.547473508864641e-12,-4.547473508864641e-12
2020-07-24,-2104.387246243772,-2104.387246243744,-2104.3872462437434,-2.8194335754960775e-11,-2.864908310584724e-11
2020-07-27,4749.240863821236,4749.240863821171,4749.240863821172,6.548361852765083e-11,6.45741238258779e-11
2020-07-28,-3087.6107716392144,-3087.6107716391716,-3087.6107716391716,-4.274625098332763e-11,-4.274625098332763e-11
2020-07-29,2159.8544140203157,2159.854414020303,2159.854414020303,1.2732925824820995e-11,1.2732925824820995e-11
2020-07-30,431.7163379661506,431.7163379661268,431.7163379661268,2.3817392502678558e-11,2.3817392502678558e-11
2020-07-31,2578.841270832345,2578.841270832336,2578.8412708323362,9.094947017729282e-12,8.640199666842818e-12
2020-08-03,2485.389505512925,2485.389505512879,2485.3895055128787,4.5929482439532876e-11,4.638422979041934e-11
2020-08-04,1612.061282483337,1612.0612824833458,1612.0612824833458,-8.86757334228605e-12,-8.86757334228605e-12
2020-08-05,968.5156913328101,968.5156913328047,968.5156913328047,5.343281372915953e-12,5.343281372915953e-12
2020-08-06,1814.226665136026,1814.2266651359903,1814.2266651359903,3.5697667044587433e-11,3.5697667044587433e-11
2020-08-07,-2466.453898894193,-2466.4538988941254,-2466.453898894126,-6.775735528208315e-11,-6.730260793119669e-11
2020-08-10,-582.474551323452,-582.4745513235009,-582.4745513235009,4.888534022029489e-11,4.888534022029489e-11
2020-08-11,-3590.7581883235252,-3590.758188323488,-3590.7581883234884,-3.728928277269006e-11,-3.6834535421803594e-11
2020-08-12,7044.075612558518,7044.075612558507,7044.075612558507,1.0913936421275139e-11,1.0913936421275139e-11
2020-08-13,1758.8972632434743,1758.897263243449,1758.8972632434493,2.523847797419876e-11,2.5011104298755527e-11
2020-08-14,687.2251363753749,687.2251363754123,687.2251363754123,-3.7402969610411674e-11,-3.7402969610411674e-11
2020-08-17,5574.374628365273,5574.374628365326,5574.374628365326,-5.3660187404602766e-11,-5.3660187404602766e-11
2020-08-18,2564.2929553314752,2564.2929553313784,2564.2929553313784,9.686118573881686e-11,9.686118573881686e-11
2020-08-19,-870.1997694962192,-870.199769496175,-870.1997694961749,-4.4224179873708636e-11,-4.433786671143025e-11
2020-08-20,3775.6263832167024,3775.626383216618,3775.626383216618,8.458300726488233e-11,8.458300726488233e-11
2020-08-21,3660.08086264311,3660.080862643209,3660.0808626432085,-9.913492249324918e-11,-9.868017514236271e-11
2020-08-24,114.31140312438947,114.311403124317,114.311403124317,7.247535904753022e-11,7.247535904753022e-11
2020-08-25,478.6528957365372,478.6528957365772,478.65289573657714,-4.001776687800884e-11,-3.9960923459148034e-11
2020-08-26,4461.548238846182,4461.5482388461705,4461.548238846171,1.1823431123048067e-11,1.0913936421275139e-11
2020-08-27,860.4742829150637,860.4742829150492,860.4742829150492,1.4438228390645236e-11,1.4438228390645236e-11
2020-08-28,586.3125491263927,586.3125491264303,586.3125491264302,-3.7630343285854906e-11,-3.751665644813329e-11
2020-08-31,7647.3908343046205,7647.390834304619,7647.3908343046205,1.8189894035458565e-12,0.0
2020-09-01,1409.9962805943796,1409.9962805943217,1409.9962805943214,5.7980287238024175e-11,5.820766091346741e-11
2020-09-02,-626.7576131615206,-626.7576131615449,-626.7576131615448,2.432898327242583e-11,2.4215296434704214e-11
2020-09-03,-11825.88955763093,-11825.889557630906,-11825.889557630906,-2.3646862246096134e-11,-2.3646862246096134e-11
2020-09-04,-909.9935292486916,-909.9935292487548,-909.9935292487547,6.320988177321851e-11,6.30961949354969e-11
2020-09-07,0.0,0.0,0.0,0.0,0.0
2020-09-08,-13008.125443382363,-13008.125443382349,-13008.125443382347,-1.4551915228366852e-11,-1.6370904631912708e-11
2020-09-09,7657.610634518904,7657.610634518886,7657.610634518886,1.7280399333685637e-11,1.7280399333685637e-11
2020-09-10,-3471.8969525828143,-3471.8969525828015,-3471.8969525828015,-1.2732925824820995e-11,-1.2732925824820995e-11
2020-09-11,-1239.9298933137325,-1239.929893313675,-1239.929893313675,-5.752553988713771e-11,-5.752553988713771e-11
2020-09-14,6076.2562788059,6076.256278805851,6076.256278805851,4.9112713895738125e-11,4.9112713895738125e-11
2020-09-15,3314.8527276526147,3314.8527276526397,3314.8527276526393,-2.5011104298755527e-11,-2.4556356947869062e-11
2020-09-16,-3401.133080438478,-3401.1330804384556,-3401.133080438455,-2.2282620193436742e-11,-2.2737367544323206e-11
2020-09-17,-3284.6661355221586,-3284.666135522119,-3284.6661355221186,-3.956301952712238e-11,-4.001776687800884e-11
2020-09-18,-993.475860577717,-993.4758605777536,-993.4758605777535,3.660716174636036e-11,3.6493474908638746e-11
2020-09-21,1967.3696577101655,1967.3696577101382,1967.3696577101382,2.7284841053187847e-11,2.7284841053187847e-11
2020-09-22,1128.8031097292842,1128.8031097293401,1128.80310972934,-5.5933924159035087e-11,-5.5706550483591855e-11
2020-09-23,-7548.06361830284,-7548.063618302915,-7548.063618302915,7.457856554538012e-11,7.457856554538012e-11
2020-09-24,1694.8223956205184,1694.8223956204902,1694.8223956204902,2.8194335754960775e-11,2.8194335754960775e-11
2020-09-25,4455.039303512254,4455.039303512352,4455.0393035123525,-9.731593308970332e-11,-9.822542779147625e-11
2020-09-28,3763.2346847484296,3763.234684748398,3763.2346847483977,3.1377567211166024e-11,3.183231456205249e-11
2020-09-29,-353.2894025007845,-353.2894025008125,-353.28940250081257,2.802380549837835e-11,2.808064891723916e-11
2020-09-30,2258.8227430225816,2258.8227430225907,2258.8227430225907,-9.094947017729282e-12,-9.094947017729282e-12
2020-10-01,2761.6480207666464,2761.6480207665163,2761.6480207665163,1.3005774235352874e-10,1.3005774235352874e-10
2020-10-02,-6188.5990915677685,-6188.59909156772,-6188.59909156772,-4.8203219193965197e-11,-4.8203219193965197e-11
2020-10-05,4373.904945043614,4373.904945043571,4373.904945043571,4.274625098332763e-11,4.274625098332763e-11
2020-10-06,-2377.329768714524,-2377.32976871452,-2377.32976871452,-4.092726157978177e-12,-4.092726157978177e-12
2020-10-07,3253.080476421368,3253.0804764213244,3253.0804764213244,4.3655745685100555e-11,4.3655745685100555e-11
2020-10-08,219.49739208238316,219.4973920824102,219.4973920824101,-2.702904566831421e-11,-2.6943780540023e-11
2020-10-09,2050.511387633189,2050.511387633252,2050.5113876332516,-6.320988177321851e-11,-6.275513442233205e-11
2020-10-12,5405.595351708966,5405.595351708948,5405.595351708947,1.7280399333685637e-11,1.8189894035458565e-11
2020-10-13,-256.267378340126,-256.267378340232,-256.267378340232,1.0601297617540695e-10,1.0601297617540695e-10
2020-10-14,57.33923620785936,57.33923620796226,57.3392362079621,-1.0290079899277771e-10,-1.0274447959091049e-10
2020-10-15,-1810.5788833311526,-1810.5788833311685,-1810.5788833311685,1.5916157281026244e-11,1.5916157281026244e-11
2020-10-16,-1332.6862519082206,-1332.6862519082097,-1332.68625190821,-1.0913936421275139e-11,-1.0686562745831907e-11
2020-10-19,-3679.1437065670616,-3679.1437065671003,-3679.1437065671,3.865352482534945e-11,3.8198777474462986e-11
2020-10-20,499.41930035088444,499.4193003509729,499.41930035097295,-8.844835974741727e-11,-8.850520316627808e-11
2020-10-21,-695.0807820317277,-695.0807820317946,-695.0807820317946,6.684786058031023e-11,6.684786058031023e-11
2020-10-22,-513.0999033816915,-513.0999033818063,-513.0999033818064,1.1471001926111057e-10,1.1482370609883219e-10
2020-10-23,78.16600005264627,78.16600005276915,78.16600005276912,-1.2288126072235173e-10,-1.2285283901292132e-10
2020-10-26,-2092.0234051564476,-2092.023405156469,-2092.023405156469,2.1373125491663814e-11,2.1373125491663814e-11
2020-10-27,1729.684013080201,1729.6840130801536,1729.6840130801534,4.75210981676355e-11,4.774847184307873e-11
2020-10-28,-7201.101204070146,-7201.101204070023,-7201.101204070022,-1.227817847393453e-10,-1.2460077414289117e-10
2020-10-29,3076.2487608887604,3076.2487608886913,3076.2487608886913,6.912159733474255e-11,6.912159733474255e-11
2020-10-30,-6375.2956953687535,-6375.295695368726,-6375.295695368728,-2.7284841053187847e-11,-2.546585164964199e-11
2020-11-02,2071.406528039981,2071.4065280400346,2071.4065280400355,-5.3660187404602766e-11,-5.4569682106375694e-11
2020-11-03,4774.515620393446,4774.515620393502,4774.515620393502,-5.638867150992155e-11,-5.638867150992155e-11
2020-11-04,5016.86017007078,5016.860170070761,5016.860170070761,1.9099388737231493e-11,1.9099388737231493e-11
2020-11-05,5108.986702052614,5108.986702052673,5108.986702052672,-5.820766091346741e-11,-5.729816621169448e-11
2020-11-06,190.7044309382909,190.70443093824366,190.70443093824377,4.723688107333146e-11,4.7123194235609844e-11
2020-11-09,-5704.173501377925,-5704.173501377908,-5704.173501377908,-1.7280399333685637e-11,-1.7280399333685637e-11
2020-11-10,-3358.545295315911,-3358.5452953159097,-3358.545295315909,-1.3642420526593924e-12,-2.2737367544323206e-12
2020-11-11,4277.403581185325,4277.403581185302,4277.403581185302,2.2737367544323206e-11,2.2737367544323206e-11
2020-11-12,-519.9989173813665,-519.9989173812471,-519.9989173812471,-1.1937117960769683e-10,-1.1937117960769683e-10
2020-11-13,-48.81141350301914,-48.811413503112085,-48.81141350311218,9.29460952647787e-11,9.303846582042752e-11
2020-11-16,1169.3580711056711,1169.3580711056516,1169.3580711056516,1.9554136088117957e-11,1.9554136088117957e-11
2020-11-17,2458.246853537741,2458.246853537709,2458.246853537709,3.228706191293895e-11,3.228706191293895e-11
2020-11-18,3069.9180564981943,3069.9180564982535,3069.918056498253,-5.911715561524034e-11,-5.866240826435387e-11
2020-11-19,1517.086724078952,1517.086724078969,1517.086724078969,-1.6825651982799172e-11,-1.6825651982799172e-11
2020-11-20,-2607.61809077239,-2607.6180907724383,-2607.618090772438,4.8203219193965197e-11,4.774847184307873e-11
2020-11-23,2091.7496196565626,2091.749619656544,2091.7496196565444,1.864464138634503e-11,1.8189894035458565e-11
2020-11-24,3618.903225864604,3618.903225864633,3618.903225864633,-2.9103830456733704e-11,-2.9103830456733704e-11
2020-11-25,2975.8927382431866,2975.8927382432003,2975.8927382432003,-1.3642420526593924e-11,-1.3642420526593924e-11
2020-11-26,0.0,0.0,0.0,0.0,0.0
2020-11-27,1426.0083191649464,1426.0083191648937,1426.008319164894,5.275069270282984e-11,5.2523319027386606e-11
2020-11-30,-429.78463229181943,-429.78463229174804,-429.78463229174804,-7.139533408917487e-11,-7.139533408917487e-11
2020-12-01,2201.7578420837235,2201.7578420837385,2201.757842083739,-1.5006662579253316e-11,-1.546140993013978e-11
2020-12-02,-673.9285641919996,-673.9285641920787,-673.9285641920787,7.912603905424476e-11,7.912603905424476e-11
2020-12-03,83.15434244676726,83.15434244689803,83.15434244689834,-1.3076828508928884e-10,-1.3108092389302328e-10
2020-12-04,1139.2798792096146,1139.2798792096041,1139.2798792096044,1.0459189070388675e-11,1.0231815394945443e-11
2020-12-07,3380.0468719796627,3380.046871979614,3380.0468719796136,4.865796654485166e-11,4.9112713895738125e-11
2020-12-08,751.8845498048468,751.8845498048048,751.8845498048046,4.1950443119276315e-11,4.217781679471955e-11
2020-12-09,-5559.436994136719,-5559.4369941366685,-5559.436994136669,-5.002220859751105e-11,-4.9112713895738125e-11
2020-12-10,1805.1696714252757,1805.1696714252662,1805.1696714252662,9.549694368615746e-12,9.549694368615746e-12
2020-12-11,-1260.6829560084152,-1260.6829560084145,-1260.6829560084145,-6.821210263296962e-13,-6.821210263296962e-13
2020-12-14,2314.6746707198326,2314.6746707198504,2314.6746707198504,-1.77351466845721e-11,-1.77351466845721e-11
2020-12-15,1573.2315108645125,1573.2315108645082,1573.2315108645082,4.320099833421409e-12,4.320099833421409e-12
2020-12-16,-922.9289956389985,-922.9289956390347,-922.9289956390348,3.6266101233195513e-11,3.637978807091713e-11
2020-12-17,3073.613847530447,3073.6138475304124,3073.613847530413,3.456079866737127e-11,3.410605131648481e-11
2020-12-18,1412.4197896277474,1412.4197896277497,1412.4197896277494,-2.2737367544323206e-12,-2.0463630789890885e-12
2020-12-21,-2811.5191492331505,-2811.51914923317,-2811.5191492331705,1.9554136088117957e-11,2.000888343900442e-11
2020-12-22,-234.32253002133803,-234.32253002126586,-234.3225300212659,-7.216272024379577e-11,-7.213429853436537e-11
2020-12-23,-691.8530187977012,-691.8530187977805,-691.8530187977805,7.923972589196637e-11,7.923972589196637e-11
2020-12-24,1778.9889370448946,1778.9889370449607,1778.988937044961,-6.616573955398053e-11,-6.639311322942376e-11
2020-12-25,0.0,0.0,0.0,0.0,0.0
2020-12-28,2400.332068839489,2400.3320688395083,2400.332068839508,-1.9554136088117957e-11,-1.9099388737231493e-11
2020-12-29,53.577383511757944,53.57738351171666,53.57738351171655,4.128253294766182e-11,4.139621978538344e-11
2020-12-30,2426.267520068446,2426.2675200684725,2426.2675200684725,-2.637534635141492e-11,-2.637534635141492e-11
2020-12-31,801.5393971131416,801.5393971130777,801.5393971130779,6.389200279954821e-11,6.366462912410498e-11
2021-01-01,0.0,0.0,0.0,0.0,0.0
2021-01-04,-1021.8184608296433,-1021.8184608297996,-1021.8184608297995,1.5631940186722204e-10,1.5620571502950042e-10
2021-01-05,2064.0891286247643,2064.08912862486,2064.0891286248598,-9.595169103704393e-11,-9.549694368615746e-11
2021-01-06,-2549.203733422706,-2549.2037334227653,-2549.2037334227653,5.911715561524034e-11,5.911715561524034e-11
2021-01-07,7452.3865056918585,7452.386505691827,7452.386505691825,3.183231456205249e-11,3.3651303965598345e-11
2021-01-08,4393.511333616043,4393.511333616045,4393.511333616045,-1.8189894035458565e-12,-1.8189894035458565e-12
2021-01-11,-1890.3807959647675,-1890.3807959647102,-1890.3807959647104,-5.729816621169448e-11,-5.707079253625125e-11
2021-01-12,1309.524895684066,1309.524895684111,1309.524895684111,-4.501998773775995e-11,-4.501998773775995e-11
2021-01-13,3045.891956548847,3045.891956548857,3045.891956548857,-1.000444171950221e-11,-1.000444171950221e-11
2021-01-14,-2369.725196141313,-2369.725196141359,-2369.725196141359,4.5929482439532876e-11,4.5929482439532876e-11
2021-01-15,-2630.796181792597,-2630.796181792666,-2630.7961817926657,6.912159733474255e-11,6.866684998385608e-11
2021-01-18,0.0,0.0,0.0,0.0,0.0
2021-01-19,3431.1648585435178,3431.1648585435696,3431.164858543569,-5.184119800105691e-11,-5.1386450650170445e-11
2021-01-20,3862.639307523408,3862.6393075233727,3862.639307523373,3.54702933691442e-11,3.501554601825774e-11
2021-01-21,1904.4804883682518,1904.4804883683091,1904.480488368309,-5.729816621169448e-11,-5.707079253625125e-11
2021-01-22,475.85590791667346,475.85590791667113,475.85590791667113,2.3305801732931286e-12,2.3305801732931286e-12
2021-01-25,3629.52871559668,3629.5287155966716,3629.528715596672,8.185452315956354e-12,7.73070496506989e-12
2021-01-26,-696.9241358397121,-696.924135839731,-696.924135839731,1.887201506178826e-11,1.887201506178826e-11
2021-01-27,-6498.489028950484,-6498.489028950486,-6498.4890289504865,1.8189894035458565e-12,2.7284841053187847e-12
2021-01-28,-1714.8698980081535,-1714.8698980081738,-1714.8698980081738,2.0236257114447653e-11,2.0236257114447653e-11
2021-01-29,-5680.568088196334,-5680.568088196364,-5680.568088196364,3.001332515850663e-11,3.001332515850663e-11
2021-02-01,3608.700660175964,3608.7006601759026,3608.700660175903,6.139089236967266e-11,6.093614501878619e-11
2021-02-02,2321.064344855753,2321.064344855664,2321.0643448556643,8.913048077374697e-11,8.86757334228605e-11
2021-02-03,-986.5079714792373,-986.5079714791658,-986.5079714791659,-7.150902092689648e-11,-7.139533408917487e-11
2021-02-04,2661.87296352291,2661.872963522905,2661.872963522905,5.002220859751105e-12,5.002220859751105e-12
2021-02-05,73.86874298608745,73.86874298609877,73.86874298609882,-1.1311840353300795e-11,-1.1368683772161603e-11
2021-02-08,2470.1993076973304,2470.1993076972935,2470.1993076972935,3.6834535421803594e-11,3.6834535421803594e-11
2021-02-09,-2358.4133492747787,-2358.4133492748015,-2358.413349274801,2.2737367544323206e-11,2.2282620193436742e-11
2021-02-10,-1459.7373540923,-1459.7373540922124,-1459.7373540922124,-8.753886504564434e-11,-8.753886504564434e-11
2021-02-11,516.7124292340886,516.7124292341031,516.7124292341031,-1.4438228390645236e-11,-1.4438228390645236e-11
2021-02-12,1080.3343032196863,1080.3343032196021,1080.3343032196026,8.412825991399586e-11,8.36735125631094e-11
2021-02-15,0.0,0.0,0.0,0.0,0.0
2021-02-16,-1306.2600544916932,-1306.2600544916907,-1306.2600544916904,-2.5011104298755527e-12,-2.7284841053187847e-12
2021-02-17,-513.8219205015921,-513.8219205015814,-513.8219205015812,-1.0686562745831907e-11,-1.0913936421275139e-11
2021-02-18,-2135.331341042649,-2135.3313410426663,-2135.3313410426663,1.7280399333685637e-11,1.7280399333685637e-11
2021-02-19,-1091.547325628373,-1091.547325628317,-1091.547325628317,-5.616129783447832e-11,-5.616129783447832e-11
2021-02-22,-5631.206838215876,-5631.206838215838,-5631.206838215837,-3.8198777474462986e-11,-3.9108272176235914e-11
2021-02-23,-648.5560654119472,-648.5560654120172,-648.5560654120171,7.003109203651547e-11,6.991740519879386e-11
2021-02-24,3999.3700230467366,3999.37002304672,3999.3700230467202,1.6825651982799172e-11,1.6370904631912708e-11
2021-02-25,-8028.166108678386,-8028.166108678377,-8028.166108678378,-9.094947017729282e-12,-8.185452315956354e-12
2021-02-26,604.6282325167558,604.6282325166876,604.6282325166876,6.821210263296962e-11,6.821210263296962e-11
2021-03-01,5001.758920062362,5001.758920062323,5001.758920062324,3.9108272176235914e-11,3.8198777474462986e-11
2021-03-02,-4376.14011316307,-4376.1401131631055,-4376.1401131631055,3.54702933691442e-11,3.54702933691442e-11
2021-03-03,-6626.39163908927,-6626.3916390892555,-6626.391639089256,-1.4551915228366852e-11,-1.3642420526593924e-11
2021-03-04,-4555.616750503774,-4555.616750503723,-4555.616750503723,-5.093170329928398e-11,-5.093170329928398e-11
2021-03-05,1253.3969296516152,1253.3969296515888,1253.3969296515886,2.637534635141492e-11,2.660272002685815e-11
2021-03-08,-6565.516160689498,-6565.516160689474,-6565.516160689474,-2.3646862246096134e-11,-2.3646862246096134e-11
2021-03-09,11008.691611426242,11008.691611426304,11008.691611426304,-6.184563972055912e-11,-6.184563972055912e-11
2021-03-10,-466.1565102729073,-466.15651027295075,-466.15651027295087,4.3428372009657323e-11,4.354205884737894e-11
2021-03-11,5081.352972069784,5081.352972069746,5081.352972069747,3.8198777474462986e-11,3.728928277269006e-11
2021-03-12,-622.564360090415,-622.5643600903487,-622.5643600903485,-6.627942639170215e-11,-6.650680006714538e-11
2021-03-15,-1599.689436036395,-1599.6894360365065,-1599.6894360365065,1.1164047464262694e-10,1.1164047464262694e-10
2021-03-16,-842.2309577705455,-842.2309577704123,-842.2309577704124,-1.3324097380973399e-10,-1.3312728697201237e-10
2021-03-17,572.2641493495612,572.2641493494746,572.2641493494748,8.662937034387141e-11,8.640199666842818e-11
2021-03-18,-7537.661248316959,-7537.661248316945,-7537.661248316946,-1.4551915228366852e-11,-1.3642420526593924e-11
2021-03-19,1051.8361555212177,1051.83615552116,1051.8361555211598,5.775291356258094e-11,5.7980287238024175e-11
2021-03-22,3427.7452107477293,3427.745210747756,3427.745210747756,-2.6830093702301383e-11,-2.6830093702301383e-11
2021-03-23,-592.7022737361549,-592.702273736104,-592.7022737361042,-5.093170329928398e-11,-5.070432962384075e-11
2021-03-24,-5185.486662765674,-5185.486662765679,-5185.486662765679,5.4569682106375694e-12,5.4569682106375694e-12
2021-03-25,-207.63772475425503,-207.63772475428735,-207.63772475428732,3.2315483622369356e-11,3.228706191293895e-11
2021-03-26,1085.01390930661,1085.0139093066282,1085.0139093066282,-1.8189894035458565e-11,-1.8189894035458565e-11
2021-03-29,673.605059871421,673.6050598713576,673.6050598713576,6.332356861094013e-11,6.332356861094013e-11
2021-03-30,633.4350389412721,633.4350389413529,633.435038941353,-8.0831341620069e-11,-8.094502845779061e-11
2021-03-31,4503.434123824787,4503.434123824749,4503.434123824749,3.8198777474462986e-11,3.8198777474462986e-11
2021-04-01,1830.9533095146471,1830.9533095146744,1830.9533095146746,-2.7284841053187847e-11,-2.751221472863108e-11
2021-04-02,0.0,0.0,0.0,0.0,0.0
2021-04-05,3064.350404460769,3064.3504044607184,3064.3504044607184,5.047695594839752e-11,5.047695594839752e-11
2021-04-06,-712.3941856788879,-712.3941856788335,-712.3941856788337,-5.434230843093246e-11,-5.4228621593210846e-11
2021-04-07,50.0844279344019,50.08442793438097,50.0844279343808,2.093258899549255e-11,2.1103119252074976e-11
2021-04-08,1822.7260428930167,1822.726042893009,1822.7260428930092,7.73070496506989e-12,7.503331289626658e-12
2021-04-09,1183.6455467523192,1183.6455467523533,1183.645546752353,-3.410605131648481e-11,-3.387867764104158e-11
2021-04-12,2467.1752793624764,2467.175279362409,2467.1752793624087,6.730260793119669e-11,6.775735528208315e-11
2021-04-13,4817.566699087503,4817.566699087465,4817.566699087464,3.8198777474462986e-11,3.9108272176235914e-11
2021-04-14,-3957.5784599082544,-3957.5784599082217,-3957.5784599082217,-3.2741809263825417e-11,-3.2741809263825417e-11
2021-04-15,3980.410111057805,3980.4101110578417,3980.4101110578417,-3.6834535421803594e-11,-3.6834535421803594e-11
2021-04-16,676.7593010837445,676.7593010837443,676.7593010837444,2.2737367544323206e-13,1.1368683772161603e-13
2021-04-19,-2590.907815471437,-2590.9078154714034,-2590.9078154714034,-3.3651303965598345e-11,-3.3651303965598345e-11
2021-04-20,-383.6413879505417,-383.64138795058693,-383.64138795058693,4.524736141320318e-11,4.524736141320318e-11
2021-04-21,1139.7578485054837,1139.7578485054707,1139.7578485054707,1.2960299500264227e-11,1.2960299500264227e-11
2021-04-22,-4267.323240123806,-4267.3232401238065,-4267.323240123806,9.094947017729282e-13,0.0
2021-04-23,2414.104175309825,2414.104175309814,2414.104175309814,1.1368683772161603e-11,1.1368683772161603e-11
2021-04-26,1407.8144611380703,1407.8144611381092,1407.814461138109,-3.888089850079268e-11,-3.865352482534945e-11
2021-04-27,-3372.9667270528444,-3372.966727052811,-3372.966727052811,-3.319655661471188e-11,-3.319655661471188e-11
2021-04-28,-606.7586540015764,-606.7586540016298,-606.7586540016299,5.3432813729159534e-11,5.354650056688115e-11
2021-04-29,36.06859613247798,36.06859613247273,36.068596132472805,5.25091081726714e-12,5.172751116333529e-12
2021-04-30,1230.5127128785243,1230.5127128785084,1230.5127128785089,1.5916157281026244e-11,1.546140993013978e-11
2021-05-03,-1966.3867287348257,-1966.3867287348633,-1966.3867287348635,3.751665644813329e-11,3.774403012357652e-11
2021-05-04,-2547.9515752384905,-2547.9515752384646,-2547.951575238464,-2.5920599000528455e-11,-2.637534635141492e-11
2021-05-05,689.4474976345955,689.4474976345176,689.4474976345175,7.787548383930698e-11,7.79891706770286e-11
2021-05-06,990.1489211109292,990.1489211109854,990.1489211109854,-5.616129783447832e-11,-5.616129783447832e-11
2021-05-07,1584.2628087001794,1584.2628087001297,1584.2628087001299,4.979483492206782e-11,4.956746124662459e-11
2021-05-10,-6001.133902805275,-6001.133902805186,-6001.133902805187,-8.913048077374697e-11,-8.822098607197404e-11
2021-05-11,-654.7894578629639,-654.7894578630411,-654.789457863041,7.719336281297728e-11,7.707967597525567e-11
2021-05-12,-5159.135188262386,-5159.1351882623885,-5159.1351882623885,2.7284841053187847e-12,2.7284841053187847e-12
2021-05-13,-120.91251464342349,-120.91251464339314,-120.91251464339308,-3.035438567167148e-11,-3.041122909053229e-11
2021-05-14,4214.973843506712,4214.973843506681,4214.973843506681,3.092281986027956e-11,3.092281986027956e-11
2021-05-17,-449.6968258669367,-449.69682586692045,-449.6968258669205,-1.6257217794191092e-11,-1.6200374375330284e-11
2021-05-18,-1409.5297001718718,-1409.5297001718807,-1409.5297001718807,8.86757334228605e-12,8.86757334228605e-12
2021-05-19,-328.55812248418806,-328.5581224841279,-328.5581224841279,-6.014033715473488e-11,-6.014033715473488e-11
2021-05-20,4097.8232747034635,4097.823274703439,4097.823274703438,2.4556356947869062e-11,2.546585164964199e-11
2021-05-21,-197.3694632385741,-197.36946323864194,-197.369463238642,6.784262041037437e-11,6.789946382923517e-11
2021-05-24,4493.135838204675,4493.135838204691,4493.135838204692,-1.6370904631912708e-11,-1.7280399333685637e-11
2021-05-25,-362.0663091056631,-362.0663091057082,-362.06630910570817,4.5133674575481564e-11,4.5076831156620756e-11
2021-05-26,1583.2505278255267,1583.2505278255653,1583.250527825565,-3.865352482534945e-11,-3.842615114990622e-11
2021-05-27,-779.4227311224677,-779.4227311224145,-779.4227311224147,-5.32054400537163e-11,-5.297806637827307e-11
2021-05-28,1187.80986814067,1187.8098681406868,1187.8098681406866,-1.6825651982799172e-11,-1.659827830735594e-11
2021-05-31,0.0,0.0,0.0,0.0,0.0
2021-06-01,-326.60954033452435,-326.6095403345583,-326.60954033455835,3.3935521059902385e-11,3.399236447876319e-11
2021-06-02,485.44551689358195,485.4455168934951,485.4455168934951,8.685674401931465e-11,8.685674401931465e-11
2021-06-03,-1706.3718730630062,-1706.371873062981,-1706.3718730629814,-2.523847797419876e-11,-2.4783730623312294e-11
2021-06-04,3921.917148433742,3921.917148433702,3921.917148433702,4.001776687800884e-11,4.001776687800884e-11
2021-06-07,4673.485124690167,4673.485124690236,4673.485124690235,-6.912159733474255e-11,-6.821210263296962e-11
2021-06-08,-141.0177957546257,-141.01779575454856,-141.0177957545484,-7.713651939411648e-11,-7.73070496506989e-11
2021-06-09,799.5491942880326,799.5491942879547,799.5491942879547,7.787548383930698e-11,7.787548383930698e-11
2021-06-10,3626.47107690305,3626.4710769030735,3626.471076903073,-2.3646862246096134e-11,-2.319211489520967e-11
2021-06-11,-1067.4046197045536,-1067.4046197045568,-1067.4046197045566,3.183231456205249e-12,2.9558577807620168e-12
2021-06-14,2136.870892569219,2136.8708925692426,2136.870892569242,-2.3646862246096134e-11,-2.319211489520967e-11
2021-06-15,-2517.200113386818,-2517.200113386822,-2517.2001133868225,4.092726157978177e-12,4.547473508864641e-12
2021-06-16,-13.315271959814709,-13.315271959860025,-13.315271959860036,4.531663932993979e-11,4.532729747097619e-11
2021-06-17,4367.117239971034,4367.117239971051,4367.11723997105,-1.7280399333685637e-11,-1.6370904631912708e-11
2021-06-18,-992.9559670146846,-992.9559670146474,-992.9559670146474,-3.717559593496844e-11,-3.717559593496844e-11
2021-06-21,338.3901939217467,338.39019392174345,338.3901939217434,3.240074875066057e-12,3.296918293926865e-12
2021-06-22,2072.553342778934,2072.553342778874,2072.553342778874,6.002665031701326e-11,6.002665031701326e-11
2021-06-23,1660.8830126208777,1660.8830126209307,1660.8830126209307,-5.297806637827307e-11,-5.297806637827307e-11
2021-06-24,4789.289834937983,4789.289834937946,4789.289834937946,3.728928277269006e-11,3.728928277269006e-11
2021-06-25,-2043.7984606095997,-2043.7984606095945,-2043.7984606095943,-5.229594535194337e-12,-5.4569682106375694e-12
2021-06-28,3757.0885143850173,3757.0885143849637,3757.0885143849637,5.3660187404602766e-11,5.3660187404602766e-11
2021-06-29,-146.44930008935626,-146.44930008932397,-146.44930008932386,-3.228706191293895e-11,-3.240074875066057e-11
2021-06-30,-236.1958629808214,-236.19586298078872,-236.19586298078872,-3.268496584496461e-11,-3.268496584496461e-11
2021-07-01,955.1090396075742,955.1090396075812,955.1090396075813,-6.934897101018578e-12,-7.048583938740194e-12
2021-07-02,2726.017162611097,2726.0171626111055,2726.017162611106,-8.640199666842818e-12,-9.094947017729282e-12
2021-07-05,0.0,0.0,0.0,0.0,0.0
2021-07-06,1743.32988086954,1743.3298808694797,1743.32988086948,6.02540239924565e-11,6.002665031701326e-11
2021-07-07,-1254.3121243105852,-1254.3121243105566,-1254.3121243105566,-2.864908310584724e-11,-2.864908310584724e-11
2021-07-08,-111.9265437577269,-111.92654375778935,-111.92654375778936,6.24424956185976e-11,6.24567064733128e-11
2021-07-09,459.51536890043644,459.51536890051136,459.5153689005114,-7.491962605854496e-11,-7.497646947740577e-11
2021-07-12,3454.7844630581094,3454.7844630580694,3454.78446305807,4.001776687800884e-11,3.956301952712238e-11
2021-07-13,-2360.5400335718587,-2360.5400335718446,-2360.540033571844,-1.4097167877480388e-11,-1.4551915228366852e-11
2021-07-14,-1653.52168359168,-1653.5216835917008,-1653.521683591701,2.091837814077735e-11,2.114575181622058e-11
2021-07-15,-3989.71037339326,-3989.710373393256,-3989.710373393256,-4.092726157978177e-12,-4.092726157978177e-12
2021-07-16,-3169.389138443541,-3169.3891384435115,-3169.389138443511,-2.955857780762017e-11,-3.001332515850663e-11
2021-07-19,739.9885795770679,739.9885795770609,739.9885795770612,6.934897101018578e-12,6.707523425575346e-12
2021-07-20,1531.5295006478555,1531.5295006478643,1531.5295006478646,-8.86757334228605e-12,-9.094947017729282e-12
2021-07-21,2454.905762758077,2454.905762757987,2454.905762757987,9.00399754755199e-11,9.00399754755199e-11
2021-07-22,1077.311362264707,1077.3113622647575,1077.311362264758,-5.047695594839752e-11,-5.093170329928398e-11
2021-07-23,1530.7220070232288,1530.7220070231679,1530.7220070231679,6.093614501878619e-11,6.093614501878619e-11
2021-07-26,819.2291598225711,819.2291598226341,819.2291598226341,-6.298250809777528e-11,-6.298250809777528e-11
2021-07-27,-2123.0528645917075,-2123.0528645917184,-2123.0528645917184,1.0913936421275139e-11,1.0913936421275139e-11
2021-07-28,1468.2283598454378,1468.2283598454637,1468.2283598454637,-2.5920599000528455e-11,-2.5920599000528455e-11
2021-07-29,1904.7401612455433,1904.7401612455892,1904.7401612455894,-4.5929482439532876e-11,-4.615685611497611e-11
2021-07-30,-4098.915485003818,-4098.915485003836,-4098.915485003836,1.8189894035458565e-11,1.8189894035458565e-11
2021-08-02,2291.11879837219,2291.1187983721634,2291.118798372163,2.6830093702301383e-11,2.7284841053187847e-11
2021-08-03,2863.509748315846,2863.509748315871,2863.509748315871,-2.5011104298755527e-11,-2.5011104298755527e-11
2021-08-04,1748.8323480757535,1748.8323480756956,1748.8323480756953,5.7980287238024175e-11,5.820766091346741e-11
2021-08-05,2319.1576852219587,2319.1576852220414,2319.1576852220414,-8.276401786133647e-11,-8.276401786133647e-11
2021-08-06,-1984.6670972657157,-1984.6670972657234,-1984.6670972657232,7.73070496506989e-12,7.503331289626658e-12
2021-08-09,1942.1915392859082,1942.1915392859157,1942.1915392859155,-7.503331289626658e-12,-7.275957614183426e-12
2021-08-10,-162.06691337941447,-162.06691337947606,-162.06691337947603,6.158984433568548e-11,6.156142262625508e-11
2021-08-11,-1648.4441575241217,-1648.4441575241142,-1648.4441575241142,-7.503331289626658e-12,-7.503331289626658e-12
2021-08-12,1596.3938003472576,1596.3938003472538,1596.3938003472538,3.865352482534945e-12,3.865352482534945e-12
2021-08-13,641.4692364562652,641.4692364562584,641.4692364562584,6.821210263296962e-12,6.821210263296962e-12
2021-08-16,-557.3172146324359,-557.3172146324157,-557.3172146324155,-2.0236257114447653e-11,-2.0463630789890885e-11
2021-08-17,-2277.8453304336,-2277.8453304336194,-2277.8453304336194,1.9554136088117957e-11,1.9554136088117957e-11
2021-08-18,-1150.7658231402456,-1150.7658231401922,-1150.7658231401924,-5.3432813729159534e-11,-5.32054400537163e-11
2021-08-19,1334.9595515802212,1334.9595515801796,1334.9595515801793,4.160938260611147e-11,4.18367562815547e-11
2021-08-20,3168.186387331807,3168.186387331844,3168.186387331844,-3.6834535421803594e-11,-3.6834535421803594e-11
2021-08-23,3607.3328113611205,3607.3328113611396,3607.3328113611396,-1.9099388737231493e-11,-1.9099388737231493e-11
2021-08-24,-961.685817735357,-961.685817735401,-961.6858177354009,4.3996806198265404e-11,4.388311936054379e-11
2021-08-25,1184.489279914851,1184.489279914769,1184.4892799147688,8.208189683500677e-11,8.230927051045e-11
2021-08-26,-1899.477896468161,-1899.4778964680522,-1899.4778964680524,-1.0868461686186492e-10,-1.0845724318642169e-10
2021-08-27,2413.8488885616243,2413.848888561579,2413.8488885615784,4.547473508864641e-11,4.5929482439532876e-11
2021-08-30,2728.6590266352578,2728.6590266353196,2728.6590266353196,-6.184563972055912e-11,-6.184563972055912e-11
2021-08-31,-1011.8690980668762,-1011.8690980669123,-1011.8690980669123,3.61524143954739e-11,3.61524143954739e-11
2021-09-01,-125.44824918769882,-125.44824918761262,-125.44824918761262,-8.620304470241535e-11,-8.620304470241535e-11
2021-09-02,143.47733626217814,143.47733626219792,143.4773362621979,-1.978150976356119e-11,-1.9753088054130785e-11
2021-09-03,347.8226786147861,347.8226786148028,347.8226786148028,-1.6655121726216748e-11,-1.6655121726216748e-11
2021-09-06,0.0,0.0,0.0,0.0,0.0
2021-09-07,-125.21943426303915,-125.21943426304458,-125.21943426304462,5.4285465012071654e-12,5.4711790653527714e-12
2021-09-08,-63.651868268003454,-63.65186826802251,-63.65186826802259,1.9056756173085887e-11,1.9134915874019498e-11
2021-09-09,-2937.4913037687365,-2937.491303768748,-2937.491303768748,1.1368683772161603e-11,1.1368683772161603e-11
2021-09-10,-2277.4417679250473,-2277.4417679250887,-2277.4417679250887,4.1382008930668235e-11,4.1382008930668235e-11
2021-09-13,576.580390023475,576.580390023558,576.5803900235583,-8.29913915367797e-11,-8.321876521222293e-11
2021-09-14,-1601.748246017989,-1601.7482460180186,-1601.748246018019,2.955857780762017e-11,3.001332515850663e-11
2021-09-15,2004.3854249074939,2004.3854249074702,2004.38542490747,2.3646862246096134e-11,2.3874235921539366e-11
2021-09-16,-618.612102737563,-618.6121027375744,-618.6121027375743,1.1482370609883219e-11,1.1368683772161603e-11
2021-09-17,-1679.5518452988763,-1679.5518452989174,-1679.5518452989177,4.1154635255225e-11,4.1382008930668235e-11
2021-09-20,-4675.519124357263,-4675.51912435723,-4675.51912435723,-3.2741809263825417e-11,-3.2741809263825417e-11
2021-09-21,435.64713891546126,435.6471389155366,435.6471389155366,-7.531752999057062e-11,-7.531752999057062e-11
2021-09-22,2094.639940531284,2094.6399405311995,2094.639940531199,8.458300726488233e-11,8.503775461576879e-11
2021-09-23,3101.293466467265,3101.2934664673226,3101.2934664673226,-5.775291356258094e-11,-5.775291356258094e-11
2021-09-24,2471.441559929546,2471.441559929516,2471.441559929516,3.001332515850663e-11,3.001332515850663e-11
2021-09-27,-383.70803013199475,-383.70803013198497,-383.7080301319851,-9.777068044058979e-12,-9.663381206337363e-12
2021-09-28,-5535.016129071737,-5535.016129071711,-5535.016129071711,-2.637534635141492e-11,-2.637534635141492e-11
2021-09-29,1706.1947167939798,1706.194716793976,1706.1947167939763,3.637978807091713e-12,3.410605131648481e-12
2021-09-30,-1343.3758404951077,-1343.3758404951557,-1343.3758404951557,4.7975845518521965e-11,4.7975845518521965e-11
2021-10-01,1731.4942182574596,1731.494218257462,1731.494218257462,-2.5011104298755527e-12,-2.5011104298755527e-12
2021-10-04,-3753.048853641114,-3753.04885364119,-3753.0488536411895,7.594280759803951e-11,7.548806024715304e-11
2021-10-05,3744.4887384327885,3744.488738432798,3744.488738432799,-9.549694368615746e-12,-1.0459189070388675e-11
2021-10-06,933.7239808229497,933.7239808229731,933.7239808229729,-2.3419488570652902e-11,-2.319211489520967e-11
2021-10-07,2925.7142627185094,2925.7142627185317,2925.7142627185312,-2.2282620193436742e-11,-2.1827872842550278e-11
2021-10-08,-436.556711145764,-436.55671114576893,-436.55671114576893,4.945377440890297e-12,4.945377440890297e-12
2021-10-11,-1739.5118186765758,-1739.511818676575,-1739.511818676575,-6.821210263296962e-13,-6.821210263296962e-13
2021-10-12,-931.2622162709013,-931.2622162709486,-931.2622162709486,4.729372449219227e-11,4.729372449219227e-11
2021-10-13,-149.1472930883465,-149.14729308825875,-149.14729308825878,-8.773781701165717e-11,-8.770939530222677e-11
2021-10-14,3866.5304467284295,3866.5304467283886,3866.530446728388,4.092726157978177e-11,4.1382008930668235e-11
2021-10-15,2869.894638126949,2869.894638126944,2869.894638126944,5.002220859751105e-12,5.002220859751105e-12
2021-10-18,2910.591419912089,2910.5914199120857,2910.5914199120857,3.183231456205249e-12,3.183231456205249e-12
2021-10-19,1747.983155986003,1747.9831559860022,1747.9831559860022,9.094947017729282e-13,9.094947017729282e-13
2021-10-20,713.5900512162771,713.5900512162954,713.5900512162954,-1.830358087318018e-11,-1.830358087318018e-11
2021-10-21,2087.9771820748865,2087.9771820748806,2087.97718207488,5.9117155615240335e-12,6.366462912410498e-12
2021-10-22,1443.620144647226,1443.6201446472282,1443.6201446472282,-2.2737367544323206e-12,-2.2737367544323206e-12
2021-10-25,6157.029327744589,6157.029327744527,6157.029327744526,6.184563972055912e-11,6.275513442233205e-11
2021-10-26,2551.6620870769257,2551.6620870770025,2551.662087077003,-7.685230229981244e-11,-7.73070496506989e-11
2021-10-27,524.0929418302258,524.0929418302547,524.092941830255,-2.8990143619012088e-11,-2.921751729445532e-11
2021-10-28,3766.8063495022943,3766.8063495021174,3766.8063495021174,1.7689671949483454e-10,1.7689671949483454e-10
2021-10-29,3093.5079842016567,3093.5079842017426,3093.507984201742,-8.594724931754172e-11,-8.549250196665525e-11
2021-11-01,2163.203224608442,2163.203224608379,2163.203224608379,6.275513442233205e-11,6.275513442233205e-11
2021-11-02,1269.7575879453798,1269.7575879454384,1269.757587945438,-5.866240826435387e-11,-5.820766091346741e-11
2021-11-03,4074.795394906425,4074.795394906375,4074.7953949063753,5.002220859751105e-11,4.956746124662459e-11
2021-11-04,4398.78890757804,4398.788907578038,4398.788907578037,2.7284841053187847e-12,3.637978807091713e-12
2021-11-05,-1133.7246274168137,-1133.7246274168203,-1133.7246274168206,6.59383658785373e-12,6.821210263296962e-12
2021-11-08,-2810.80605336756,-2810.806053367554,-2810.806053367554,-5.9117155615240335e-12,-5.9117155615240335e-12
2021-11-09,-5176.611054324079,-5176.611054324165,-5176.611054324165,8.549250196665525e-11,8.549250196665525e-11
2021-11-10,156.92823932814645,156.92823932819834,156.92823932819823,-5.189804141991772e-11,-5.17843545821961e-11
2021-11-11,724.4357891677064,724.435789167851,724.4357891678511,-1.446096575818956e-10,-1.447233444196172e-10
2021-11-12,-144.48323847865686,-144.4832384787926,-144.48323847879252,1.3574208423960954e-10,1.3565681911131833e-10
2021-11-15,-1064.2654925408424,-1064.2654925408726,-1064.2654925408724,3.0240698833949864e-11,3.001332515850663e-11
2021-11-16,1942.0426963253994,1942.0426963254458,1942.0426963254458,-4.638422979041934e-11,-4.638422979041934e-11
2021-11-17,584.2961762161576,584.2961762160268,584.2961762160267,1.3085355021758005e-10,1.3096723705530167e-10
2021-11-18,1931.0843746102182,1931.0843746104008,1931.084374610401,-1.8258106138091534e-10,-1.8280843505635858e-10
2021-11-19,1743.1582066768315,1743.158206676792,1743.1582066767917,3.956301952712238e-11,3.979039320256561e-11
2021-11-22,1208.0710992540698,1208.0710992540885,1208.0710992540883,-1.864464138634503e-11,-1.8417267710901797e-11
2021-11-23,545.7372788850917,545.7372788849701,545.73727888497,1.2153122952440754e-10,1.2164491636212915e-10
2021-11-24,1148.978603978001,1148.978603978012,1148.978603978012,-1.0913936421275139e-11,-1.0913936421275139e-11
2021-11-25,0.0,0.0,0.0,0.0,0.0
2021-11-26,-5666.733999944001,-5666.733999943871,-5666.733999943871,-1.3005774235352874e-10,-1.3005774235352874e-10
2021-11-29,3982.6922203170834,3982.6922203170534,3982.6922203170534,3.001332515850663e-11,3.001332515850663e-11
2021-11-30,-5166.08960005024,-5166.089600050273,-5166.089600050273,3.2741809263825417e-11,3.2741809263825417e-11
2021-12-01,-4170.662625047087,-4170.662625047176,-4170.662625047177,8.913048077374697e-11,9.00399754755199e-11
2021-12-02,1962.854002090986,1962.8540020910657,1962.854002091066,-7.980816008057445e-11,-8.003553375601768e-11
2021-12-03,-4121.932432881265,-4121.932432881315,-4121.932432881318,5.002220859751105e-11,5.275069270282984e-11
2021-12-06,1862.8266821163124,1862.8266821163597,1862.8266821163597,-4.729372449219227e-11,-4.729372449219227e-11
2021-12-07,6374.789176205464,6374.789176205463,6374.789176205463,9.094947017729282e-13,9.094947017729282e-13
2021-12-08,-1942.6164941061288,-1942.6164941062527,-1942.6164941062527,1.2391865311656147e-10,1.2391865311656147e-10
2021-12-09,-3462.7693582568318,-3462.7693582567376,-3462.769358256737,-9.413270163349807e-11,-9.458744898438454e-11
2021-12-10,4797.818932030117,4797.818932030121,4797.81893203012,-3.637978807091713e-12,-2.7284841053187847e-12
2021-12-13,-3462.4468157798983,-3462.446815779885,-3462.4468157798847,-1.318767317570746e-11,-1.3642420526593924e-11
2021-12-14,-271.348059392476,-271.34805939252755,-271.3480593925273,5.155698090675287e-11,5.132960723130964e-11
2021-12-15,7748.809474746056,7748.809474746038,7748.809474746038,1.8189894035458565e-11,1.8189894035458565e-11
2021-12-16,-2847.6246127115446,-2847.624612711511,-2847.624612711511,-3.3651303965598345e-11,-3.3651303965598345e-11
2021-12-17,-4896.203635110171,-4896.203635110216,-4896.203635110216,4.547473508864641e-11,4.547473508864641e-11
2021-12-20,-2962.6640425316873,-2962.6640425316273,-2962.664042531627,-6.002665031701326e-11,-6.048139766789973e-11
2021-12-21,3978.6951849139878,3978.6951849139195,3978.69518491392,6.821210263296962e-11,6.775735528208315e-11
2021-12-22,3560.779295045999,3560.779295046081,3560.779295046082,-8.230927051045e-11,-8.321876521222293e-11
2021-12-23,2716.245100239408,2716.2451002393236,2716.245100239323,8.458300726488233e-11,8.503775461576879e-11
2021-12-24,0.0,0.0,0.0,0.0,0.0
2021-12-27,4944.018405488285,4944.018405488304,4944.018405488304,-1.9099388737231493e-11,-1.9099388737231493e-11
2021-12-28,-455.1531462324201,-455.15314623237543,-455.15314623237543,-4.46789272245951e-11,-4.46789272245951e-11
2021-12-29,393.5395646143006,393.5395646142225,393.5395646142225,7.810285751475021e-11,7.810285751475021e-11
2021-12-30,-1365.4004784024437,-1365.4004784023593,-1365.400478402359,-8.43556335894391e-11,-8.458300726488233e-11
2021-12-31,-715.9132449949393,-715.9132449949446,-715.9132449949449,5.343281372915953e-12,5.5706550483591855e-12
2022-01-03,4336.141386826581,4336.141386826775,4336.141386826776,-1.9372237147763371e-10,-1.9554136088117957e-10
2022-01-04,-451.4586456072866,-451.4586456074784,-451.4586456074787,1.9178969523636624e-10,1.9207391233067028e-10
2022-01-05,-6845.451751351939,-6845.451751351803,-6845.451751351802,-1.355147105641663e-10,-1.3642420526593924e-10
2022-01-06,-901.6396065175068,-901.6396065176162,-901.6396065176161,1.0948042472591624e-10,1.0936673788819462e-10
2022-01-07,-2258.997912503779,-2258.9979125038553,-2258.997912503855,7.639755494892597e-11,7.594280759803951e-11
2022-01-10,-620.4563477218617,-620.4563477216373,-620.4563477216375,-2.2441781766247004e-10,-2.241904439870268e-10
2022-01-11,1732.1596236157347,1732.1596236156925,1732.1596236156927,4.229150363244116e-11,4.206412995699793e-11
2022-01-12,1272.2888444346609,1272.2888444345335,1272.2888444345335,1.2732925824820995e-10,1.2732925824820995e-10
2022-01-13,-5355.166831197683,-5355.166831197559,-5355.166831197557,-1.2369127944111824e-10,-1.255102688446641e-10
2022-01-14,-3962.7964086866705,-3962.7964086867546,-3962.7964086867546,8.412825991399586e-11,8.412825991399586e-11
2022-01-17,0.0,0.0,0.0,0.0,0.0
2022-01-18,-5557.746374143171,-5557.746374143125,-5557.746374143126,-4.638422979041934e-11,-4.547473508864641e-11
2022-01-19,-2616.337329183705,-2616.337329183722,-2616.337329183721,1.6825651982799172e-11,1.5916157281026244e-11
2022-01-20,-2614.6347619321314,-2614.634761932121,-2614.634761932121,-1.0459189070388675e-11,-1.0459189070388675e-11
2022-01-21,-4641.9346099108225,-4641.9346099108625,-4641.934609910862,4.001776687800884e-11,3.9108272176235914e-11
2022-01-24,-78.59989282934112,-78.59989282932337,-78.59989282932338,-1.7749357539287303e-11,-1.77351466845721e-11
2022-01-25,-2179.06857595584,-2179.0685759558505,-2179.06857595585,1.0459189070388675e-11,1.000444171950221e-11
2022-01-26,2175.4544028376695,2175.454402837666,2175.454402837666,3.637978807091713e-12,3.637978807091713e-12
2022-01-27,-3589.2848055610375,-3589.2848055610293,-3589.2848055610293,-8.185452315956354e-12,-8.185452315956354e-12
2022-01-28,5740.665027539857,5740.66502753985,5740.665027539851,7.275957614183426e-12,6.366462912410498e-12
2022-01-31,5864.416807678994,5864.416807678983,5864.416807678983,1.0913936421275139e-11,1.0913936421275139e-11
2022-02-01,4522.55904516665,4522.559045166785,4522.559045166785,-1.3460521586239338e-10,-1.3460521586239338e-10
2022-02-02,3664.7674360853853,3664.767436085309,3664.7674360853093,7.639755494892597e-11,7.594280759803951e-11
2022-02-03,-3522.669173335191,-3522.66917333522,-3522.66917333522,2.9103830456733704e-11,2.9103830456733704e-11
2022-02-04,1133.6635670099058,1133.663567010039,1133.663567010039,-1.3324097380973399e-10,-1.3324097380973399e-10
2022-02-07,-94.15604552696459,-94.15604552700717,-94.15604552700734,4.25757207267452e-11,4.274625098332763e-11
2022-02-08,332.8325884617516,332.8325884617595,332.8325884617596,-7.901235221652314e-12,-8.01492205937393e-12
2022-02-09,1749.35414849699,1749.3541484968584,1749.354148496859,1.3164935808163136e-10,1.311946107307449e-10
2022-02-10,-4610.565149810282,-4610.565149810268,-4610.565149810269,-1.3642420526593924e-11,-1.2732925824820995e-11
2022-02-11,-2659.6499397451407,-2659.649939745081,-2659.6499397450807,-5.95719029661268e-11,-6.002665031701326e-11
2022-02-14,-1639.6601864265976,-1639.6601864266065,-1639.6601864266063,8.86757334228605e-12,8.640199666842818e-12
2022-02-15,3496.0351427213172,3496.0351427213377,3496.0351427213386,-2.0463630789890885e-11,-2.1373125491663814e-11
2022-02-16,438.0709848863189,438.07098488637587,438.07098488637587,-5.695710569852963e-11,-5.695710569852963e-11
2022-02-17,-3352.544334933453,-3352.5443349335105,-3352.54433493351,5.775291356258094e-11,5.729816621169448e-11
2022-02-18,-1697.3251229021698,-1697.3251229020882,-1697.3251229020887,-8.162714948412031e-11,-8.117240213323385e-11
2022-02-21,0.0,0.0,0.0,0.0,0.0
2022-02-22,-3259.112774889567,-3259.112774889682,-3259.112774889682,1.1505107977427542e-10,1.1505107977427542e-10
2022-02-23,-2973.575693885301,-2973.57569388528,-2973.5756938852796,-2.091837814077735e-11,-2.1373125491663814e-11
2022-02-24,2178.852553325094,2178.852553325129,2178.8525533251286,-3.501554601825774e-11,-3.456079866737127e-11
2022-02-25,7261.730736738886,7261.730736738836,7261.730736738836,5.002220859751105e-11,5.002220859751105e-11
2022-02-28,1359.2157914661802,1359.2157914662173,1359.2157914662175,-3.7061909097246826e-11,-3.728928277269006e-11
2022-03-01,-487.13990618276875,-487.139906182775,-487.13990618277506,6.252776074688882e-12,6.30961949354969e-12
2022-03-02,3898.7730629859143,3898.7730629859498,3898.773062985949,-3.54702933691442e-11,-3.456079866737127e-11
2022-03-03,473.1050333714229,473.10503337144985,473.1050333714498,-2.6943780540023e-11,-2.688693712116219e-11
2022-03-04,1582.6333867002977,1582.633386700182,1582.6333867001817,1.1573320080060512e-10,1.1596057447604835e-10
2022-03-07,-1234.709973695164,-1234.7099736951584,-1234.7099736951586,-5.6843418860808015e-12,-5.4569682106375694e-12
2022-03-08,-1549.70345158485,-1549.7034515847656,-1549.7034515847658,-8.43556335894391e-11,-8.412825991399586e-11
2022-03-09,1094.459643214068,1094.4596432140056,1094.4596432140058,6.230038707144558e-11,6.207301339600235e-11
2022-03-10,2106.458332835464,2106.4583328355066,2106.458332835507,-4.274625098332763e-11,-4.320099833421409e-11
2022-03-11,-2793.074079939164,-2793.074079939115,-2793.074079939115,-4.9112713895738125e-11,-4.9112713895738125e-11
2022-03-14,-1777.0380384581513,-1777.0380384582625,-1777.0380384582627,1.1118572729174048e-10,1.1141310096718371e-10
2022-03-15,2626.894306567032,2626.894306567,2626.894306567,3.183231456205249e-11,3.183231456205249e-11
2022-03-16,2338.0947559883352,2338.094755988513,2338.094755988513,-1.7780621419660747e-10,-1.7780621419660747e-10
2022-03-17,5676.977160833834,5676.977160833874,5676.977160833873,-4.001776687800884e-11,-3.9108272176235914e-11
2022-03-18,2219.7205704097287,2219.720570409552,2219.720570409552,1.7689671949483454e-10,1.7689671949483454e-10
2022-03-21,2984.9469749662094,2984.946974966267,2984.9469749662676,-5.775291356258094e-11,-5.820766091346741e-11
2022-03-22,1859.1699537762906,1859.1699537763134,1859.1699537763134,-2.2737367544323206e-11,-2.2737367544323206e-11
2022-03-23,-923.2283754012897,-923.2283754012565,-923.2283754012567,-3.319655661471188e-11,-3.296918293926865e-11
2022-03-24,3491.3341884205,3491.3341884205397,3491.3341884205397,-3.956301952712238e-11,-3.956301952712238e-11
2022-03-25,1866.9835623624385,1866.9835623623965,1866.9835623623962,4.206412995699793e-11,4.229150363244116e-11
2022-03-28,1494.303787568817,1494.3037875686948,1494.303787568695,1.2209966371301562e-10,1.2187229003757238e-10
2022-03-29,458.66911668505054,458.66911668513217,458.6691166851321,-8.162714948412031e-11,-8.15703060652595e-11
2022-03-30,2218.392455140711,2218.392455140719,2218.392455140719,-8.185452315956354e-12,-8.185452315956354e-12
2022-03-31,-3623.7533052134095,-3623.753305213386,-3623.753305213385,-2.3646862246096134e-11,-2.4556356947869062e-11
2022-04-01,1378.2674605810898,1378.267460581111,1378.2674605811112,-2.114575181622058e-11,-2.1373125491663814e-11
2022-04-04,404.3927836295916,404.3927836296929,404.3927836296928,-1.0129497240995988e-10,-1.0123812899109907e-10
2022-04-05,-1141.1946463148342,-1141.1946463148995,-1141.1946463148997,6.52562448522076e-11,6.548361852765083e-11
2022-04-06,3252.194287996681,3252.1942879967573,3252.1942879967573,-7.639755494892597e-11,-7.639755494892597e-11
2022-04-07,4776.757577046868,4776.757577046719,4776.757577046721,1.4915713109076023e-10,1.4733814168721437e-10
2022-04-08,1657.856512199447,1657.856512199495,1657.8565121994948,-4.7975845518521965e-11,-4.774847184307873e-11
2022-04-11,-7045.519845291623,-7045.5198452915865,-7045.519845291586,-3.637978807091713e-11,-3.728928277269006e-11
2022-04-12,-559.1108648327645,-559.1108648326884,-559.1108648326883,-7.605649443576112e-11,-7.617018127348274e-11
2022-04-13,-1536.3336024571327,-1536.3336024572593,-1536.333602457259,1.2664713722188026e-10,1.2641976354643703e-10
2022-04-14,88.61874122387962,88.61874122385719,88.61874122385726,2.2438939595303964e-11,2.2367885321727954e-11
2022-04-15,0.0,0.0,0.0,0.0,0.0
2022-04-18,-781.5366415784229,-781.5366415784047,-781.5366415784047,-1.8189894035458565e-11,-1.8189894035458565e-11
2022-04-19,602.1078830795595,602.1078830796439,602.1078830796438,-8.43556335894391e-11,-8.424194675171748e-11
2022-04-20,-1478.8681596611277,-1478.86815966117,-1478.8681596611702,4.229150363244116e-11,4.2518877307884395e-11
2022-04-21,-2089.8351233146386,-2089.835123314689,-2089.8351233146886,5.047695594839752e-11,5.002220859751105e-11
2022-04-22,-7341.599996608915,-7341.59999660884,-7341.599996608841,-7.457856554538012e-11,-7.366907084360719e-11
2022-04-25,-327.75230575172463,-327.7523057518463,-327.75230575184617,1.2164491636212915e-10,1.2153122952440754e-10
2022-04-26,-5707.896757618757,-5707.896757618675,-5707.896757618675,-8.185452315956354e-11,-8.185452315956354e-11
2022-04-27,2222.1211182316183,2222.1211182316474,2222.121118231648,-2.9103830456733704e-11,-2.955857780762017e-11
2022-04-28,4822.165069087991,4822.165069088002,4822.165069088002,-1.1823431123048067e-11,-1.1823431123048067e-11
2022-04-29,-10345.259097926551,-10345.259097926588,-10345.259097926588,3.637978807091713e-11,3.637978807091713e-11
2022-05-02,113.08058065001387,113.08058065009581,113.08058065009584,-8.193978828785475e-11,-8.196820999728516e-11
2022-05-03,1015.5141929202364,1015.5141929202273,1015.5141929202274,9.094947017729282e-12,8.981260180007666e-12
2022-05-04,7623.083590629103,7623.083590629056,7623.083590629056,4.729372449219227e-11,4.729372449219227e-11
2022-05-05,-7465.945919624006,-7465.94591962402,-7465.94591962402,1.3642420526593924e-11,1.3642420526593924e-11
2022-05-06,1343.8500857587205,1343.850085758727,1343.850085758727,-6.366462912410498e-12,-6.366462912410498e-12
2022-05-09,-10743.317448274465,-10743.317448274456,-10743.317448274456,-9.094947017729282e-12,-9.094947017729282e-12
2022-05-10,523.5656305826269,523.5656305825852,523.5656305825852,4.172306944383308e-11,4.172306944383308e-11
2022-05-11,-1287.180402720056,-1287.1804027201383,-1287.180402720138,8.230927051045e-11,8.208189683500677e-11
2022-05-12,-409.96285619790433,-409.96285619788773,-409.9628561978876,-1.659827830735594e-11,-1.6711965145077556e-11
2022-05-13,4599.157962925092,4599.15796292509,4599.157962925091,1.8189894035458565e-12,9.094947017729282e-13
2022-05-16,2329.1171820151503,2329.117182015226,2329.117182015226,-7.548806024715304e-11,-7.548806024715304e-11
2022-05-17,3142.5644010663964,3142.5644010663377,3142.5644010663377,5.866240826435387e-11,5.866240826435387e-11
2022-05-18,-9977.09158455045,-9977.091584550433,-9977.091584550435,-1.6370904631912708e-11,-1.4551915228366852e-11
2022-05-19,-1490.118127354188,-1490.1181273541627,-1490.1181273541624,-2.523847797419876e-11,-2.546585164964199e-11
2022-05-20,2706.2418687418103,2706.2418687418194,2706.2418687418194,-9.094947017729282e-12,-9.094947017729282e-12
2022-05-23,4359.536386318679,4359.536386318588,4359.536386318587,9.185896487906575e-11,9.276845958083868e-11
2022-05-24,500.7556298417039,500.75562984178225,500.75562984178225,-7.833023119019344e-11,-7.833023119019344e-11
2022-05-25,2579.95774480846,2579.957744808513,2579.957744808513,-5.275069270282984e-11,-5.275069270282984e-11
2022-05-26,4533.495388272742,4533.495388272634,4533.495388272634,1.0822986951097846e-10,1.0822986951097846e-10
2022-05-27,5553.479026237619,5553.479026237811,5553.479026237811,-1.9190338207408786e-10,-1.9190338207408786e-10
2022-05-30,0.0,0.0,0.0,0.0,0.0
2022-05-31,-4645.049145929981,-4645.0491459301475,-4645.049145930148,1.6643753042444587e-10,1.673470251262188e-10
2022-06-01,-1044.805465427169,-1044.8054654270861,-1044.8054654270861,-8.29913915367797e-11,-8.29913915367797e-11
2022-06-02,149.98839192191372,149.98839192186185,149.98839192186176,5.1869619710487314e-11,5.1954884838778526e-11
2022-06-03,-1475.9917109375237,-1475.9917109375244,-1475.9917109375247,6.821210263296962e-13,9.094947017729282e-13
2022-06-06,696.563945771195,696.5639457711751,696.5639457711751,1.9895196601282805e-11,1.9895196601282805e-11
2022-06-07,6073.964084562613,6073.964084562629,6073.964084562628,-1.6370904631912708e-11,-1.546140993013978e-11
2022-06-08,-133.4761455245316,-133.47614552458464,-133.47614552458458,5.303490979713388e-11,5.297806637827307e-11
2022-06-09,-6783.202314978291,-6783.20231497813,-6783.202314978131,-1.609805622138083e-10,-1.6007106751203537e-10
2022-06-10,-5877.55613188073,-5877.556131880826,-5877.556131880826,9.549694368615746e-11,9.549694368615746e-11
2022-06-13,-9199.039670044847,-9199.039670044926,-9199.039670044926,7.821654435247183e-11,7.821654435247183e-11
2022-06-14,-1700.023791946558,-1700.023791946531,-1700.0237919465305,-2.7057467377744615e-11,-2.751221472863108e-11
2022-06-15,1187.3688744768442,1187.3688744769076,1187.3688744769074,-6.343725544866174e-11,-6.320988177321851e-11
2022-06-16,-6039.394986578322,-6039.394986578332,-6039.394986578332,1.000444171950221e-11,1.000444171950221e-11
2022-06-17,-2983.609944490978,-2983.609944490923,-2983.6099444909237,-5.4569682106375694e-11,-5.411493475548923e-11
2022-06-20,0.0,0.0,0.0,0.0,0.0
2022-06-21,9682.02506239913,9682.025062399085,9682.025062399085,4.547473508864641e-11,4.547473508864641e-11
2022-06-22,1361.9409812851227,1361.9409812851193,1361.9409812851195,3.410605131648481e-12,3.183231456205249e-12
2022-06-23,1202.287249811634,1202.2872498116485,1202.2872498116483,-1.4551915228366852e-11,-1.432454155292362e-11
2022-06-24,6547.652403510176,6547.65240351009,6547.652403510089,8.549250196665525e-11,8.640199666842818e-11
2022-06-27,2331.420928112755,2331.4209281128547,2331.420928112854,-9.958966984413564e-11,-9.913492249324918e-11
2022-06-28,-2129.6902355775237,-2129.690235577575,-2129.690235577575,5.1386450650170445e-11,5.1386450650170445e-11
2022-06-29,116.80432359519182,116.80432359532979,116.80432359532975,-1.3797318842989625e-10,-1.3793055586575065e-10
2022-06-30,-2238.3858131204615,-2238.3858131205475,-2238.3858131205475,8.594724931754172e-11,8.594724931754172e-11
2022-07-01,2438.917572608916,2438.9175726088934,2438.917572608894,2.2737367544323206e-11,2.2282620193436742e-11
2022-07-04,0.0,0.0,0.0,0.0,0.0
2022-07-05,-1899.8199768590275,-1899.819976859012,-1899.819976859012,-1.546140993013978e-11,-1.546140993013978e-11
2022-07-06,406.1401506291586,406.1401506291167,406.14015062911676,4.189359970041551e-11,4.18367562815547e-11
2022-07-07,2047.4968457007199,2047.496845700818,2047.496845700818,-9.822542779147625e-11,-9.822542779147625e-11
2022-07-08,1470.2834828584455,1470.2834828583582,1470.2834828583582,8.731149137020111e-11,8.731149137020111e-11
2022-07-11,-1290.5923137494829,-1290.5923137495088,-1290.5923137495088,2.5920599000528455e-11,2.5920599000528455e-11
2022-07-12,-3083.989894428116,-3083.989894428086,-3083.9898944280862,-3.001332515850663e-11,-2.955857780762017e-11
2022-07-13,-1368.3638244581525,-1368.363824458155,-1368.3638244581555,2.5011104298755527e-12,2.9558577807620168e-12
2022-07-14,-232.51476979395375,-232.51476979385149,-232.51476979385146,-1.0226131053059362e-10,-1.0228973224002402e-10
2022-07-15,6990.077644875273,6990.077644875284,6990.077644875284,-1.0913936421275139e-11,-1.0913936421275139e-11
2022-07-18,-3533.4287259329576,-3533.428725933182,-3533.4287259331822,2.241904439870268e-10,2.2464519133791327e-10
2022-07-19,5024.7572922488325,5024.757292248973,5024.757292248972,-1.4006218407303095e-10,-1.3915268937125802e-10
2022-07-20,-1394.517754305678,-1394.5177543056534,-1394.5177543056534,-2.4556356947869062e-11,-2.4556356947869062e-11
2022-07-21,1068.0251985532814,1068.0251985532473,1068.0251985532473,3.410605131648481e-11,3.410605131648481e-11
2022-07-22,-743.8544605096104,-743.8544605096473,-743.8544605096472,3.694822225952521e-11,3.6834535421803594e-11
2022-07-25,3530.4908307297155,3530.4908307297637,3530.4908307297637,-4.8203219193965197e-11,-4.8203219193965197e-11
2022-07-26,-1227.647678395966,-1227.6476783959642,-1227.6476783959645,-1.8189894035458565e-12,-1.5916157281026244e-12
2022-07-27,3242.668263446132,3242.6682634461777,3242.6682634461777,-4.547473508864641e-11,-4.547473508864641e-11
2022-07-28,2015.012470766378,2015.012470766469,2015.0124707664688,-9.094947017729282e-11,-9.072209650184959e-11
2022-07-29,1263.5273390361108,1263.5273390359528,1263.5273390359525,1.5802470443304628e-10,1.5825207810848951e-10
2022-08-01,-2965.0579671462765,-2965.057967146434,-2965.057967146434,1.5734258340671659e-10,1.5734258340671659e-10
2022-08-02,-1449.8972955542267,-1449.8972955542722,-1449.8972955542722,4.547473508864641e-11,4.547473508864641e-11
2022-08-03,-664.0380686707213,-664.0380686706781,-664.0380686706778,-4.320099833421409e-11,-4.3428372009657323e-11
2022-08-04,-4698.926180621085,-4698.926180621179,-4698.92618062118,9.367795428261161e-11,9.458744898438454e-11
2022-08-05,-492.7191794937826,-492.7191794938097,-492.7191794938098,2.7114310796605423e-11,2.722799763432704e-11
2022-08-08,892.0400085680303,892.0400085681426,892.0400085681426,-1.1232259566895664e-10,-1.1232259566895664e-10
2022-08-09,39.61986215261277,39.61986215257052,39.6198621525706,4.224887106829556e-11,4.2170711367361946e-11
2022-08-10,2572.8915421754355,2572.891542175367,2572.8915421753663,6.866684998385608e-11,6.912159733474255e-11
2022-08-11,-927.2007222695975,-927.2007222695718,-927.2007222695721,-2.5693225325085223e-11,-2.5352164811920375e-11
2022-08-12,4072.199745449354,4072.1997454494913,4072.1997454494917,-1.3733369996771216e-10,-1.3778844731859863e-10
2022-08-15,1189.764295418281,1189.7642954182006,1189.7642954182006,8.049028110690415e-11,8.049028110690415e-11
2022-08-16,-95.81233204400633,-95.8123320440342,-95.81233204403418,2.788169695122633e-11,2.7853275241795927e-11
2022-08-17,893.3101801043376,893.3101801043649,893.310180104365,-2.7284841053187847e-11,-2.7398527890909463e-11
2022-08-18,1971.2389808513108,1971.238980851274,1971.238980851274,3.6834535421803594e-11,3.6834535421803594e-11
2022-08-19,-386.1953599100234,-386.1953599099983,-386.19535990999833,-2.5124791136477143e-11,-2.5067947717616335e-11
2022-08-22,-2786.9079296314158,-2786.907929631345,-2786.9079296313457,-7.09405867382884e-11,-7.003109203651547e-11
2022-08-23,-467.8658621517243,-467.8658621518473,-467.8658621518473,1.2300915841478854e-10,1.2300915841478854e-10
2022-08-24,1035.2548034209176,1035.254803421009,1035.2548034210092,-9.140421752817929e-11,-9.163159120362252e-11
2022-08-25,3284.0583979099756,3284.058397909984,3284.0583979099833,-8.185452315956354e-12,-7.73070496506989e-12
2022-08-26,-7361.6749654562445,-7361.674965456383,-7361.674965456381,1.382431946694851e-10,1.3642420526593924e-10
2022-08-29,31.842404990107752,31.842404990077902,31.84240499007791,2.984990032928181e-11,2.984279490192421e-11
2022-08-30,-4619.156366882322,-4619.156366882213,-4619.156366882214,-1.0913936421275139e-10,-1.0822986951097846e-10
2022-08-31,-2304.8927688650438,-2304.8927688650474,-2304.892768865047,3.637978807091713e-12,3.183231456205249e-12
2022-09-01,2421.8493769839406,2421.8493769839724,2421.8493769839724,-3.183231456205249e-11,-3.183231456205249e-11
2022-09-02,-3075.8040663551656,-3075.8040663552665,-3075.804066355267,1.0095391189679503e-10,1.014086592476815e-10
2022-09-05,0.0,0.0,0.0,0.0,0.0
2022-09-06,716.5872153148521,716.587215314925,716.5872153149248,-7.287326297955588e-11,-7.275957614183426e-11
2022-09-07,2824.1733445745776,2824.1733445745813,2824.173344574581,-3.637978807091713e-12,-3.183231456205249e-12
2022-09-08,2148.3436164172017,2148.3436164171794,2148.3436164171794,2.2282620193436742e-11,2.2282620193436742e-11
2022-09-09,2845.457738869649,2845.457738869667,2845.4577388696675,-1.8189894035458565e-11,-1.864464138634503e-11
2022-09-12,1680.0632783005713,1680.063278300547,1680.0632783005467,2.432898327242583e-11,2.4556356947869062e-11
2022-09-13,-10274.933386600227,-10274.933386600256,-10274.933386600256,2.9103830456733704e-11,2.9103830456733704e-11
2022-09-14,1823.6006355028367,1823.6006355028337,1823.6006355028342,2.9558577807620168e-12,2.5011104298755527e-12
2022-09-15,-791.4597703214968,-791.4597703214952,-791.4597703214954,-1.5916157281026244e-12,-1.3642420526593924e-12
2022-09-16,-892.4426909620524,-892.4426909619442,-892.442690961944,-1.0822986951097846e-10,-1.0845724318642169e-10
2022-09-19,-207.13175649975892,-207.1317564999037,-207.1317564999037,1.4478018783847801e-10,1.4478018783847801e-10
2022-09-20,-2339.978545540478,-2339.978545540322,-2339.9785455403216,-1.559783413540572e-10,-1.5643308870494366e-10
2022-09-21,-4461.564062816207,-4461.56406281626,-4461.564062816259,5.275069270282984e-11,5.184119800105691e-11
2022-09-22,2394.9567343178205,2394.9567343177905,2394.956734317791,3.001332515850663e-11,2.955857780762017e-11
2022-09-23,-5784.885510428227,-5784.885510428255,-5784.885510428255,2.8194335754960775e-11,2.8194335754960775e-11
2022-09-26,-1392.9346595724346,-1392.9346595723778,-1392.9346595723775,-5.6843418860808015e-11,-5.707079253625125e-11
2022-09-27,1433.7949233825202,1433.794923382501,1433.7949233825013,1.9099388737231493e-11,1.887201506178826e-11
2022-09-28,8853.714769269223,8853.714769269245,8853.714769269245,-2.1827872842550278e-11,-2.1827872842550278e-11
2022-09-29,-3640.500905914756,-3640.500905914769,-3640.500905914769,1.318767317570746e-11,1.318767317570746e-11
2022-09-30,-5099.053074611962,-5099.053074611997,-5099.0530746119975,3.456079866737127e-11,3.54702933691442e-11
2022-10-03,5625.997910383478,5625.997910383432,5625.997910383432,4.547473508864641e-11,4.547473508864641e-11
2022-10-04,6907.362446621293,6907.3624466213005,6907.3624466213005,-7.275957614183426e-12,-7.275957614183426e-12
2022-10-05,2759.4814000996994,2759.4814000997203,2759.4814000997208,-2.091837814077735e-11,-2.1373125491663814e-11
2022-10-06,162.23318416485563,162.23318416496033,162.23318416496045,-1.0470557754160836e-10,-1.0481926437932998e-10
2022-10-07,-5842.808701351285,-5842.808701351326,-5842.808701351325,4.092726157978177e-11,4.001776687800884e-11
2022-10-10,-2898.844061468146,-2898.844061468181,-2898.844061468181,3.501554601825774e-11,3.501554601825774e-11
2022-10-11,901.2086291338783,901.2086291339297,901.2086291339299,-5.1386450650170445e-11,-5.161382432561368e-11
2022-10-12,-1053.3130944940494,-1053.3130944940292,-1053.3130944940294,-2.0236257114447653e-11,-2.000888343900442e-11
2022-10-13,6235.444381704205,6235.4443817040865,6235.4443817040865,1.1823431123048067e-10,1.1823431123048067e-10
2022-10-14,-3350.2389497198164,-3350.2389497197532,-3350.2389497197532,-6.320988177321851e-11,-6.320988177321851e-11
2022-10-17,4370.186481582001,4370.186481582075,4370.1864815820745,-7.457856554538012e-11,-7.366907084360719e-11
2022-10-18,1505.9073622472351,1505.9073622472695,1505.9073622472695,-3.433342499192804e-11,-3.433342499192804e-11
2022-10-19,323.6961486225482,323.69614862248443,323.6961486224844,6.377831596182659e-11,6.38351593806874e-11
2022-10-20,-790.6615919974865,-790.6615919975488,-790.6615919975488,6.230038707144558e-11,6.230038707144558e-11
2022-10-21,7520.217644245131,7520.2176442450145,7520.2176442450145,1.1641532182693481e-10,1.1641532182693481e-10
2022-10-24,5025.16587993654,5025.165879936754,5025.165879936754,-2.1464074961841106e-10,-2.1464074961841106e-10
2022-10-25,681.576884230948,681.5768842308627,681.5768842308628,8.537881512893364e-11,8.526512829121202e-11
2022-10-26,2406.4339462772477,2406.4339462773128,2406.4339462773123,-6.502887117676437e-11,-6.45741238258779e-11
2022-10-27,-920.4863769612275,-920.4863769613157,-920.4863769613157,8.822098607197404e-11,8.822098607197404e-11
2022-10-28,3527.395607848768,3527.395607848752,3527.3956078487518,1.5916157281026244e-11,1.6370904631912708e-11
2022-10-31,-826.3063719485654,-826.30637194838,-826.3063719483802,-1.8530954548623413e-10,-1.851958586485125e-10
2022-11-01,-1817.7238086517318,-1817.7238086517505,-1817.7238086517502,1.864464138634503e-11,1.8417267710901797e-11
2022-11-02,-4426.161942109116,-4426.161942109005,-4426.161942109006,-1.1095835361629725e-10,-1.1004885891452432e-10
2022-11-03,1263.656284363009,1263.6562843628387,1263.656284362839,1.703028829069808e-10,1.7007550923153758e-10
2022-11-04,516.9505345063517,516.9505345064234,516.9505345064235,-7.173639460233971e-11,-7.185008144006133e-11
2022-11-07,4228.639073006751,4228.639073006686,4228.639073006686,6.45741238258779e-11,6.45741238258779e-11
2022-11-08,1707.6200185910566,1707.6200185912073,1707.6200185912076,-1.5074874681886286e-10,-1.509761204943061e-10
2022-11-09,-5801.046448719746,-5801.0464487197805,-5801.0464487197805,3.456079866737127e-11,3.456079866737127e-11
2022-11-10,7240.848904317361,7240.848904317349,7240.848904317349,1.2732925824820995e-11,1.2732925824820995e-11
2022-11-11,-1670.8607264789753,-1670.8607264789548,-1670.860726478955,-2.0463630789890885e-11,-2.0236257114447653e-11
2022-11-14,-242.7725741030299,-242.7725741030839,-242.77257410308405,5.4001247917767614e-11,5.4143356464919634e-11
2022-11-15,539.9706055483548,539.9706055482953,539.9706055482953,5.945821612840518e-11,5.945821612840518e-11
2022-11-16,-562.854049787682,-562.8540497875524,-562.8540497875523,-1.2960299500264227e-10,-1.297166818403639e-10
2022-11-17,1303.086776584736,1303.086776584607,1303.0867765846067,1.291482476517558e-10,1.2937562132719904e-10
2022-11-18,2070.466391663882,2070.4663916639524,2070.466391663952,-7.048583938740194e-11,-7.003109203651547e-11
2022-11-21,-1461.3969921143143,-1461.396992114235,-1461.396992114235,-7.935341272968799e-11,-7.935341272968799e-11
2022-11-22,4402.802750814473,4402.802750814279,4402.802750814279,1.9463186617940664e-10,1.9463186617940664e-10
2022-11-23,988.5606460779672,988.5606460780986,988.5606460780987,-1.3130829756846651e-10,-1.3142198440618813e-10
2022-11-24,0.0,0.0,0.0,0.0,0.0
2022-11-25,881.0503674928332,881.0503674928133,881.0503674928132,1.9895196601282805e-11,2.000888343900442e-11
2022-11-28,-3430.033556909766,-3430.0335569097547,-3430.0335569097547,-1.1368683772161603e-11,-1.1368683772161603e-11
2022-11-29,-691.2689424265409,-691.2689424264772,-691.2689424264775,-6.366462912410498e-11,-6.343725544866174e-11
2022-11-30,7194.682099253812,7194.68209925364,7194.6820992536395,1.7189449863508344e-10,1.7280399333685637e-10
2022-12-01,-3054.1908273117733,-3054.190827311841,-3054.190827311841,6.775735528208315e-11,6.775735528208315e-11
2022-12-02,335.39782282547094,335.3978228254338,335.3978228254338,3.7118752516107634e-11,3.7118752516107634e-11
2022-12-05,-3763.1923838105286,-3763.192383810573,-3763.192383810573,4.4565240386873484e-11,4.4565240386873484e-11
2022-12-06,-2900.1324314136873,-2900.1324314136596,-2900.1324314136596,-2.773958840407431e-11,-2.773958840407431e-11
2022-12-07,1228.4741308639059,1228.4741308638374,1228.4741308638377,6.843947630841285e-11,6.821210263296962e-11
2022-12-08,1499.843509555154,1499.8435095552895,1499.8435095552895,-1.355147105641663e-10,-1.355147105641663e-10
2022-12-09,-3923.1211712535587,-3923.1211712536538,-3923.1211712536533,9.5042196335271e-11,9.458744898438454e-11
2022-12-12,4537.490769095311,4537.490769095296,4537.490769095297,1.546140993013978e-11,1.4551915228366852e-11
2022-12-13,-1114.6658956549945,-1114.6658956549395,-1114.6658956549397,-5.502442945726216e-11,-5.4797055781818926e-11
2022-12-14,-83.11703795107314,-83.1170379510685,-83.11703795106854,-4.646949491871055e-12,-4.604316927725449e-12
2022-12-15,-5310.053868057672,-5310.053868057634,-5310.053868057634,-3.8198777474462986e-11,-3.8198777474462986e-11
2022-12-16,-2233.5489254547283,-2233.5489254547733,-2233.548925454774,4.501998773775995e-11,4.547473508864641e-11
2022-12-19,-425.6085412155371,-425.60854121565,-425.60854121565,1.1289102985756472e-10,1.1289102985756472e-10
2022-12-20,387.2290561054251,387.2290561054087,387.22905610540874,1.6427748050773516e-11,1.6370904631912708e-11
2022-12-21,4294.851152644318,4294.851152644374,4294.851152644375,-5.638867150992155e-11,-5.729816621169448e-11
2022-12-22,-2430.701707114931,-2430.701707114908,-2430.701707114908,-2.319211489520967e-11,-2.319211489520967e-11
2022-12-23,2597.412808188703,2597.4128081887548,2597.4128081887543,-5.184119800105691e-11,-5.1386450650170445e-11
2022-12-26,0.0,0.0,0.0,0.0,0.0
2022-12-27,-575.7210637861281,-575.7210637861589,-575.7210637861589,3.0809133022557944e-11,3.0809133022557944e-11
2022-12-28,-2257.9978910457576,-2257.997891045769,-2257.997891045769,1.1368683772161603e-11,1.1368683772161603e-11
2022-12-29,2274.591007370851,2274.5910073709233,2274.5910073709233,-7.23048287909478e-11,-7.23048287909478e-11
2022-12-30,95.33494815905578,95.33494815900659,95.33494815900652,4.919797902402934e-11,4.926903329760535e-11
2023-01-02,0.0,0.0,0.0,0.0,0.0
2023-01-03,-3507.4405454815715,-3507.4405454816388,-3507.4405454816383,6.730260793119669e-11,6.684786058031023e-11
2023-01-04,-593.073710946599,-593.0737109465609,-593.0737109465609,-3.808509063674137e-11,-3.808509063674137e-11
2023-01-05,-1883.4281207015738,-1883.4281207015213,-1883.4281207015217,-5.2523319027386606e-11,-5.206857167650014e-11
2023-01-06,4178.198524684703,4178.198524684695,4178.198524684694,8.185452315956354e-12,9.094947017729282e-12
2023-01-09,-4943.96702776727,-4943.967027767332,-4943.967027767331,6.184563972055912e-11,6.093614501878619e-11
2023-01-10,585.0605766969384,585.0605766968604,585.0605766968602,7.79891706770286e-11,7.821654435247183e-11
2023-01-11,2441.068965086888,2441.068965086843,2441.068965086843,4.501998773775995e-11,4.501998773775995e-11
2023-01-12,-582.9954862395534,-582.9954862394487,-582.9954862394487,-1.0470557754160836e-10,-1.0470557754160836e-10
2023-01-13,565.9765512755257,565.9765512754226,565.9765512754226,1.0311396181350574e-10,1.0311396181350574e-10
2023-01-16,0.0,0.0,0.0,0.0,0.0
2023-01-17,-1441.0493702973472,-1441.0493702973047,-1441.0493702973044,-4.2518877307884395e-11,-4.274625098332763e-11
2023-01-18,-5529.916703408817,-5529.916703408676,-5529.916703408676,-1.4097167877480388e-10,-1.4097167877480388e-10
2023-01-19,140.1337326267967,140.13373262676797,140.13373262676802,2.873434823413845e-11,2.8677504815277644e-11
2023-01-20,2355.232817439479,2355.2328174395057,2355.232817439506,-2.6830093702301383e-11,-2.7284841053187847e-11
2023-01-23,-467.548043735791,-467.54804373575075,-467.54804373575087,-4.0245140553452075e-11,-4.013145371573046e-11
2023-01-24,1691.8111006644904,1691.81110066432,1691.8111006643203,1.703028829069808e-10,1.7007550923153758e-10
2023-01-25,355.63649524218636,355.6364952422832,355.6364952422833,-9.686118573881686e-11,-9.691802915767767e-11
2023-01-26,2901.908075700805,2901.9080757007105,2901.9080757007114,9.458744898438454e-11,9.367795428261161e-11
2023-01-27,-2427.441970404354,-2427.4419704043244,-2427.441970404325,-2.955857780762017e-11,-2.9103830456733704e-11
2023-01-30,-2806.2879469669424,-2806.287946966982,-2806.287946966982,3.956301952712238e-11,3.956301952712238e-11
2023-01-31,4989.99527309835,4989.9952730984405,4989.9952730984405,-9.094947017729282e-11,-9.094947017729282e-11
2023-02-01,-519.860835462925,-519.8608354629871,-519.8608354629872,6.207301339600235e-11,6.218670023372397e-11
2023-02-02,-5781.559570719663,-5781.559570719539,-5781.559570719538,-1.2369127944111824e-10,-1.2460077414289117e-10
2023-02-03,1347.0327271472197,1347.0327271471083,1347.0327271471083,1.1141310096718371e-10,1.1141310096718371e-10
2023-02-06,-148.2402281111572,-148.2402281111158,-148.2402281111158,-4.1382008930668235e-11,-4.1382008930668235e-11
2023-02-07,3090.1289205656503,3090.12892056576,3090.1289205657604,-1.0959411156363785e-10,-1.1004885891452432e-10
2023-02-08,-761.5033375243074,-761.503337524397,-761.503337524397,8.958522812463343e-11,8.958522812463343e-11
2023-02-09,1809.4513444658369,1809.451344465871,1809.4513444658717,-3.410605131648481e-11,-3.4788172342814505e-11
2023-02-10,4664.637762991886,4664.637762991832,4664.637762991833,5.4569682106375694e-11,5.275069270282984e-11
2023-02-13,1836.377682627819,1836.377682627863,1836.377682627863,-4.388311936054379e-11,-4.388311936054379e-11
2023-02-14,-1574.726580995426,-1574.7265809955345,-1574.7265809955345,1.0845724318642169e-10,1.0845724318642169e-10
2023-02-15,-2781.62722347182,-2781.6272234717685,-2781.627223471769,-5.1386450650170445e-11,-5.093170329928398e-11
2023-02-16,-3885.4552536252304,-3885.4552536252427,-3885.4552536252418,1.2278178473934531e-11,1.1368683772161603e-11
2023-02-17,135.03145704593044,135.03145704601783,135.03145704601803,-8.739675649849232e-11,-8.759570846450515e-11
2023-02-20,0.0,0.0,0.0,0.0,0.0
2023-02-21,-2044.3565483239945,-2044.3565483240873,-2044.3565483240873,9.276845958083868e-11,9.276845958083868e-11
2023-02-22,-1386.196330767125,-1386.1963307670821,-1386.1963307670824,-4.274625098332763e-11,-4.2518877307884395e-11
2023-02-23,1564.5020841819933,1564.5020841819319,1564.502084181932,6.139089236967266e-11,6.116351869422942e-11
2023-02-24,-2279.399027913809,-2279.399027913751,-2279.399027913751,-5.775291356258094e-11,-5.775291356258094e-11
2023-02-27,-28.29655780113535,-28.29655780120277,-28.29655780120293,6.74198474825971e-11,6.757971959814313e-11
2023-02-28,-2227.1062136373366,-2227.106213637279,-2227.1062136372775,-5.775291356258094e-11,-5.911715561524034e-11
2023-03-01,1008.465345411154,1008.4653454113725,1008.4653454113724,-2.18506102100946e-10,-2.183924152632244e-10
2023-03-02,652.892039534694,652.8920395347036,652.8920395347036,-9.549694368615746e-12,-9.549694368615746e-12
2023-03-03,3704.700660702365,3704.7006607023663,3704.700660702366,-1.3642420526593924e-12,-9.094947017729282e-13
2023-03-06,713.6280320498045,713.6280320497331,713.6280320497332,7.139533408917487e-11,7.128164725145325e-11
2023-03-07,-5089.080711181217,-5089.080711181237,-5089.080711181236,2.000888343900442e-11,1.9099388737231493e-11
2023-03-08,-1871.4073593812063,-1871.407359381135,-1871.407359381135,-7.139533408917487e-11,-7.139533408917487e-11
2023-03-09,-2309.3651677281014,-2309.3651677281714,-2309.365167728172,7.003109203651547e-11,7.048583938740194e-11
2023-03-10,-1278.662791020819,-1278.6627910207915,-1278.6627910207912,-2.751221472863108e-11,-2.773958840407431e-11
2023-03-13,2502.5577049261774,2502.557704926148,2502.557704926148,2.955857780762017e-11,2.955857780762017e-11
2023-03-14,2932.944201199396,2932.944201199476,2932.944201199476,-8.003553375601768e-11,-8.003553375601768e-11
2023-03-15,-2176.778803755529,-2176.7788037555374,-2176.7788037555374,8.185452315956354e-12,8.185452315956354e-12
2023-03-16,2122.8683750542114,2122.868375054245,2122.868375054245,-3.3651303965598345e-11,-3.3651303965598345e-11
2023-03-17,-1907.4212493841187,-1907.4212493842674,-1907.4212493842674,1.4870238373987377e-10,1.4870238373987377e-10
2023-03-20,4244.451524099568,4244.4515240997525,4244.4515240997525,-1.8462742445990443e-10,-1.8462742445990443e-10
2023-03-21,3081.6922186717275,3081.6922186716574,3081.692218671657,7.003109203651547e-11,7.048583938740194e-11
2023-03-22,-3675.768049136037,-3675.7680491360684,-3675.768049136068,3.1377567211166024e-11,3.092281986027956e-11
2023-03-23,424.87089074682444,424.87089074675004,424.87089074675004,7.440803528879769e-11,7.440803528879769e-11
2023-03-24,2456.7137063049013,2456.713706305021,2456.7137063050204,-1.1959855328314006e-10,-1.191438059322536e-10
2023-03-27,1059.3089296132093,1059.3089296130804,1059.3089296130806,1.2892087397631258e-10,1.2869350030086935e-10
2023-03-28,51.79869531659642,51.798695316709804,51.798695316709754,-1.1338130434523919e-10,-1.1333156635373598e-10
2023-03-29,517.0836799984099,517.0836799984181,517.0836799984181,-8.185452315956354e-12,-8.185452315956354e-12
2023-03-30,1991.0365612414898,1991.0365612414505,1991.0365612414507,3.9335645851679146e-11,3.9108272176235914e-11
2023-03-31,2390.3716873997473,2390.3716873997437,2390.3716873997437,3.637978807091713e-12,3.637978807091713e-12
2023-04-03,5519.668899981072,5519.6688999810995,5519.668899981099,-2.7284841053187847e-11,-2.637534635141492e-11
2023-04-04,-452.81808555097086,-452.81808555097945,-452.81808555097945,8.58335624798201e-12,8.58335624798201e-12
2023-04-05,2596.7674259629566,2596.7674259628698,2596.7674259628693,8.685674401931465e-11,8.731149137020111e-11
2023-04-06,423.37995924410643,423.37995924416975,423.37995924416987,-6.332356861094013e-11,-6.343725544866174e-11
2023-04-07,0.0,0.0,0.0,0.0,0.0
2023-04-10,-757.4693955231924,-757.4693955231447,-757.4693955231448,-4.7634785005357116e-11,-4.75210981676355e-11
2023-04-11,-473.99657071736874,-473.9965707174139,-473.996570717414,4.5133674575481564e-11,4.524736141320318e-11
2023-04-12,645.570121862751,645.5701218627627,645.5701218627628,-1.1709744285326451e-11,-1.1823431123048067e-11
2023-04-13,2978.670003473875,2978.670003473844,2978.670003473844,3.092281986027956e-11,3.092281986027956e-11
2023-04-14,-664.0882730254089,-664.0882730254136,-664.0882730254136,4.774847184307873e-12,4.774847184307873e-12
2023-04-17,-931.1768839422148,-931.1768839422342,-931.1768839422341,1.944044925039634e-11,1.9326762412674725e-11
2023-04-18,441.28872237727046,441.2887223772911,441.2887223772912,-2.063416104647331e-11,-2.0747847884194925e-11
2023-04-19,416.71850604354404,416.71850604357377,416.71850604357377,-2.972910806420259e-11,-2.972910806420259e-11
2023-04-20,5.128337012371048,5.128337012490325,5.128337012490295,-1.1927703269520862e-10,-1.1924683462893881e-10
2023-04-21,3762.719067838858,3762.7190678386514,3762.7190678386514,2.064552973024547e-10,2.064552973024547e-10
2023-04-24,1628.605257950374,1628.6052579504865,1628.6052579504865,-1.1254996934439987e-10,-1.1254996934439987e-10
2023-04-25,-1622.2914842849714,-1622.2914842851042,-1622.291484285104,1.3278622645884752e-10,1.325588527834043e-10
2023-04-26,-3999.1193576076184,-3999.1193576074756,-3999.119357607476,-1.4279066817834973e-10,-1.4233592082746327e-10
2023-04-27,268.5903356805793,268.59033568051836,268.590335680519,6.093614501878619e-11,6.03108674113173e-11
2023-04-28,3227.2736896661227,3227.273689666058,3227.273689666059,6.45741238258779e-11,6.366462912410498e-11
2023-05-01,888.8922013029223,888.8922013027864,888.8922013027866,1.3596945791505277e-10,1.3574208423960954e-10
2023-05-02,-4766.727537835715,-4766.727537835717,-4766.727537835718,1.8189894035458565e-12,2.7284841053187847e-12
2023-05-03,1487.8398003622424,1487.8398003623063,1487.8398003623054,-6.389200279954821e-11,-6.298250809777528e-11
2023-05-04,-2796.497019020957,-2796.4970190209037,-2796.4970190209037,-5.32054400537163e-11,-5.32054400537163e-11
2023-05-05,3390.8252344592474,3390.8252344591865,3390.825234459186,6.093614501878619e-11,6.139089236967266e-11
2023-05-08,1061.2408870114014,1061.2408870115246,1061.2408870115248,-1.2323653209023178e-10,-1.23463905765675e-10
2023-05-09,-1513.4969393289648,-1513.4969393291697,-1513.49693932917,2.0486368157435209e-10,2.0509105524979532e-10
2023-05-10,410.05415666196495,410.05415666200827,410.05415666200815,-4.331468517193571e-11,-4.320099833421409e-11
2023-05-11,-654.324167744664,-654.3241677446101,-654.3241677446102,-5.3887561080046e-11,-5.377387424232438e-11
2023-05-12,122.25505875225645,122.25505875231352,122.25505875231357,-5.707079253625125e-11,-5.7127635955112055e-11
2023-05-15,-287.4253320978605,-287.4253320978035,-287.4253320978035,-5.701394911739044e-11,-5.701394911739044e-11
2023-05-16,-2483.9643213105155,-2483.964321310557,-2483.964321310557,4.1382008930668235e-11,4.1382008930668235e-11
2023-05-17,2452.5348858562065,2452.534885856238,2452.534885856238,-3.1377567211166024e-11,-3.1377567211166024e-11
2023-05-18,1322.3330762108671,1322.333076210699,1322.3330762106987,1.6825651982799172e-10,1.6848389350343496e-10
2023-05-19,1635.3134371385677,1635.3134371386825,1635.3134371386825,-1.1482370609883219e-10,-1.1482370609883219e-10
2023-05-22,-3019.5379853222403,-3019.5379853222385,-3019.5379853222385,-1.8189894035458565e-12,-1.8189894035458565e-12
2023-05-23,-3808.8297158909845,-3808.829715891144,-3808.8297158911437,1.596163201611489e-10,1.5916157281026244e-10
2023-05-24,-310.4700837659766,-310.470083765845,-310.47008376584483,-1.3159251466277055e-10,-1.3176304491935298e-10
2023-05-25,-767.1889610912185,-767.1889610912217,-767.1889610912216,3.183231456205249e-12,3.069544618483633e-12
2023-05-26,745.8906069195946,745.8906069196012,745.8906069196013,-6.59383658785373e-12,-6.707523425575346e-12
2023-05-29,0.0,0.0,0.0,0.0,0.0
2023-05-30,-905.693678866257,-905.6936788662705,-905.6936788662706,1.3528733688872308e-11,1.3642420526593924e-11
2023-05-31,-478.61956671538064,-478.6195667153661,-478.61956671536603,-1.4551915228366852e-11,-1.460875864722766e-11
2023-06-01,753.430792941479,753.4307929414717,753.4307929414717,7.275957614183426e-12,7.275957614183426e-12
2023-06-02,5244.849323873757,5244.849323873689,5244.84932387369,6.821210263296962e-11,6.730260793119669e-11
2023-06-05,-525.9031312211882,-525.903131221066,-525.9031312210659,-1.2221335055073723e-10,-1.2232703738845885e-10
2023-06-06,-764.0219145038864,-764.0219145040583,-764.021914504058,1.7189449863508344e-10,1.716671249596402e-10
2023-06-07,-43.17688207514584,-43.17688207488431,-43.17688207488414,-2.615294647512201e-10,-2.616999950078025e-10
2023-06-08,3195.9814173895284,3195.981417389305,3195.981417389305,2.2328094928525388e-10,2.2328094928525388e-10
2023-06-09,200.25266697100597,200.25266697113878,200.25266697113884,-1.3281464816827793e-10,-1.3287149158713873e-10
2023-06-12,2125.202208272298,2125.202208272131,2125.202208272131,1.6689227777533233e-10,1.6689227777533233e-10
2023-06-13,1399.1092026867555,1399.1092026867584,1399.1092026867584,-2.9558577807620168e-12,-2.9558577807620168e-12
2023-06-14,1235.0027574038832,1235.0027574040714,1235.0027574040714,-1.8826540326699615e-10,-1.8826540326699615e-10
2023-06-15,1612.8531008990249,1612.8531008989264,1612.8531008989262,9.845280146691948e-11,9.868017514236271e-11
2023-06-16,-1080.6369315662305,-1080.6369315662153,-1080.6369315662155,-1.5234036254696548e-11,-1.5006662579253316e-11
2023-06-19,0.0,0.0,0.0,0.0,0.0
2023-06-20,-342.972830221348,-342.97283022136236,-342.97283022136236,1.4381384971784428e-11,1.4381384971784428e-11
2023-06-21,-1320.9604924937012,-1320.9604924937119,-1320.9604924937119,1.0686562745831907e-11,1.0686562745831907e-11
2023-06-22,662.474448622088,662.4744486220237,662.4744486220237,6.423306331271306e-11,6.423306331271306e-11
2023-06-23,-2657.220875194529,-2657.220875194508,-2657.220875194508,-2.091837814077735e-11,-2.091837814077735e-11
2023-06-26,-1877.2295497980085,-1877.2295497978027,-1877.2295497978027,-2.0577317627612501e-10,-2.0577317627612501e-10
2023-06-27,3256.724592934246,3256.7245929341793,3256.72459293418,6.684786058031023e-11,6.639311322942376e-11
2023-06-28,-702.986433412414,-702.9864334124463,-702.9864334124463,3.228706191293895e-11,3.228706191293895e-11
2023-06-29,2700.289848949469,2700.289848949441,2700.2898489494405,2.8194335754960775e-11,2.864908310584724e-11
2023-06-30,3609.2103517078212,3609.2103517078044,3609.210351707805,1.6825651982799172e-11,1.6370904631912708e-11
2023-07-03,36.93289181403816,36.93289181393974,36.932891813939825,9.841727433013148e-11,9.833200920184026e-11
2023-07-04,0.0,0.0,0.0,0.0,0.0
2023-07-05,-284.75887535180664,-284.7588753517102,-284.75887535171006,-9.64632818067912e-11,-9.657696864451282e-11
2023-07-06,-4355.271832029801,-4355.2718320299045,-4355.2718320299045,1.0368239600211382e-10,1.0368239600211382e-10
2023-07-07,-1841.2926882843021,-1841.292688284276,-1841.2926882842764,-2.6147972675971687e-11,-2.5693225325085223e-11
2023-07-10,2635.4214263352915,2635.421426335345,2635.421426335345,-5.3660187404602766e-11,-5.3660187404602766e-11
2023-07-11,-139.40317446482368,-139.40317446480094,-139.40317446480117,-2.2737367544323206e-11,-2.2509993868879974e-11
2023-07-12,2885.848070965032,2885.8480709650426,2885.848070965043,-1.0459189070388675e-11,-1.0913936421275139e-11
2023-07-13,490.3364470854867,490.33644708545114,490.3364470854517,3.558398020686582e-11,3.501554601825774e-11
2023-07-14,42.9464314848301,42.946431484824274,42.9464314848245,5.8264504332328215e-12,5.5990767577895895e-12
2023-07-17,2642.575284345541,2642.575284345533,2642.5752843455325,8.185452315956354e-12,8.640199666842818e-12
2023-07-18,1587.5341956360498,1587.534195635979,1587.5341956359794,7.09405867382884e-11,7.048583938740194e-11
2023-07-19,423.869556103542,423.8695561035473,423.8695561035473,-5.343281372915953e-12,-5.343281372915953e-12
2023-07-20,313.7946829411085,313.79468294125036,313.79468294125036,-1.418811734765768e-10,-1.418811734765768e-10
2023-07-21,-399.118173409719,-399.1181734098517,-399.11817340985203,1.326725396211259e-10,1.3301360013429075e-10
2023-07-24,1564.292680221959,1564.292680221966,1564.2926802219665,-7.048583938740194e-12,-7.503331289626658e-12
2023-07-25,1939.407424399571,1939.4074243996731,1939.4074243996733,-1.020907802740112e-10,-1.0231815394945443e-10
2023-07-26,-2782.235351104522,-2782.2353511044953,-2782.2353511044953,-2.6830093702301383e-11,-2.6830093702301383e-11
2023-07-27,2036.007025195635,2036.0070251955779,2036.0070251955776,5.707079253625125e-11,5.729816621169448e-11
2023-07-28,2312.712685296603,2312.7126852965557,2312.712685296556,4.729372449219227e-11,4.6838977141305804e-11
2023-07-31,653.1670681503019,653.1670681503509,653.1670681503513,-4.899902705801651e-11,-4.934008757118136e-11
2023-08-01,790.213721240405,790.2137212402668,790.2137212402665,1.382431946694851e-10,1.3847056834492832e-10
2023-08-02,-5267.952573819493,-5267.952573819466,-5267.952573819466,-2.7284841053187847e-11,-2.7284841053187847e-11
2023-08-03,223.0547605616157,223.0547605616116,223.05476056161157,4.092726157978177e-12,4.121147867408581e-12
2023-08-04,-405.7556452208664,-405.75564522081544,-405.7556452208153,-5.098854671814479e-11,-5.1102233555866405e-11
2023-08-07,3734.21483118966,3734.2148311895503,3734.2148311895503,1.0959411156363785e-10,1.0959411156363785e-10
2023-08-08,7871.687791393022,7871.687791393062,7871.687791393061,-4.001776687800884e-11,-3.9108272176235914e-11
2023-08-09,-2943.329235667188,-2943.329235667248,-2943.329235667248,6.002665031701326e-11,6.002665031701326e-11
2023-08-10,-927.1205052875448,-927.1205052874577,-927.1205052874577,-8.708411769475788e-11,-8.708411769475788e-11
2023-08-11,-193.3330290702288,-193.33302907025714,-193.3330290702572,2.8336444302112795e-11,2.8393287720973603e-11
2023-08-14,5976.364332644385,5976.364332644387,5976.364332644387,-1.8189894035458565e-12,-1.8189894035458565e-12
2023-08-15,-2538.8171147407265,-2538.8171147406797,-2538.8171147406797,-4.6838977141305804e-11,-4.6838977141305804e-11
2023-08-16,-3124.5547792290454,-3124.554779229027,-3124.5547792290276,-1.8189894035458565e-11,-1.77351466845721e-11
2023-08-17,-1537.8765362753766,-1537.876536275421,-1537.8765362754207,4.433786671143025e-11,4.411049303598702e-11
2023-08-18,1782.2389994634432,1782.2389994634489,1782.2389994634489,-5.6843418860808015e-12,-5.6843418860808015e-12
2023-08-21,5635.786800811882,5635.786800811892,5635.786800811891,-1.000444171950221e-11,-9.094947017729282e-12
2023-08-22,-2040.9021274184342,-2040.9021274184688,-2040.9021274184686,3.456079866737127e-11,3.433342499192804e-11
2023-08-23,2630.134258801583,2630.1342588015227,2630.1342588015227,6.048139766789973e-11,6.048139766789973e-11
2023-08-24,-3835.6664130156278,-3835.666413015502,-3835.6664130155023,-1.2596501619555056e-10,-1.255102688446641e-10
2023-08-25,1287.6545982791577,1287.6545982791613,1287.654598279161,-3.637978807091713e-12,-3.410605131648481e-12
2023-08-28,2230.2458435265,2230.2458435265394,2230.2458435265394,-3.956301952712238e-11,-3.956301952712238e-11
2023-08-29,5170.7475491272635,5170.747549127187,5170.747549127188,7.639755494892597e-11,7.548806024715304e-11
2023-08-30,354.63147190451855,354.6314719044698,354.63147190446995,4.8771653382573277e-11,4.860112312599085e-11
2023-08-31,2857.5429228420835,2857.5429228421685,2857.5429228421685,-8.503775461576879e-11,-8.503775461576879e-11
2023-09-01,-2885.2428721616743,-2885.242872161843,-2885.242872161843,1.687112671788782e-10,1.687112671788782e-10
2023-09-04,0.0,0.0,0.0,0.0,0.0
2023-09-05,132.91730296000605,132.91730296010795,132.91730296010797,-1.0189182830799837e-10,-1.0192025001742877e-10
2023-09-06,-1267.6234444031725,-1267.6234444031538,-1267.6234444031536,-1.864464138634503e-11,-1.887201506178826e-11
2023-09-07,-454.2198500443483,-454.21985004432514,-454.2198500443251,-2.3135271476348862e-11,-2.319211489520967e-11
2023-09-08,1895.0623553073965,1895.062355307428,1895.0623553074279,-3.1604940886609256e-11,-3.1377567211166024e-11
2023-09-11,1232.9147935612127,1232.9147935612416,1232.9147935612414,-2.887645678129047e-11,-2.864908310584724e-11
2023-09-12,181.99058995296946,181.99058995292162,181.99058995292125,4.7833736971369945e-11,4.8203219193965197e-11
2023-09-13,973.7052881454583,973.7052881455395,973.7052881455396,-8.117240213323385e-11,-8.128608897095546e-11
2023-09-14,2522.017130671302,2522.017130671163,2522.0171306711636,1.3869794202037156e-10,1.382431946694851e-10
2023-09-15,-7515.647324464691,-7515.647324464567,-7515.647324464566,-1.2460077414289117e-10,-1.255102688446641e-10
2023-09-18,273.99699408735614,273.9969940873024,273.99699408730254,5.3717030823463574e-11,5.360334398574196e-11
2023-09-19,-370.24683189671487,-370.2468318966187,-370.24683189661874,-9.617906471248716e-11,-9.612222129362635e-11
2023-09-20,-4729.828461881669,-4729.828461881975,-4729.828461881974,3.064997144974768e-10,3.055902197957039e-10
2023-09-21,-7384.990901614423,-7384.990901614139,-7384.990901614139,-2.837623469531536e-10,-2.837623469531536e-10
2023-09-22,2143.431200116989,2143.4312001168714,2143.4312001168714,1.177795638795942e-10,1.177795638795942e-10
2023-09-25,2244.6468532370054,2244.646853237074,2244.6468532370736,-6.866684998385608e-11,-6.821210263296962e-11
2023-09-26,-2790.3381069405586,-2790.3381069406655,-2790.338106940665,1.0686562745831907e-10,1.064108801074326e-10
2023-09-27,2610.5865925325197,2610.5865925325134,2610.5865925325124,6.366462912410498e-12,7.275957614183426e-12
2023-09-28,1099.498294643825,1099.4982946437965,1099.4982946437965,2.8421709430404007e-11,2.8421709430404007e-11
2023-09-29,-2189.7578810664127,-2189.7578810663445,-2189.7578810663435,-6.821210263296962e-11,-6.912159733474255e-11
2023-10-02,1783.6331122107222,1783.6331122107792,1783.6331122107795,-5.707079253625125e-11,-5.729816621169448e-11
2023-10-03,-4808.642507135053,-4808.6425071350195,-4808.6425071350195,-3.3651303965598345e-11,-3.3651303965598345e-11
2023-10-04,-177.55098936735885,-177.55098936753112,-177.55098936753126,1.722639808576787e-10,1.724060894048307e-10
2023-10-05,45.10135094629368,45.101350946227406,45.10135094622712,6.627232096434454e-11,6.655653805864858e-11
2023-10-06,5719.343424017832,5719.343424017915,5719.343424017915,-8.276401786133647e-11,-8.276401786133647e-11
2023-10-09,3142.358550742385,3142.3585507422654,3142.358550742265,1.1959855328314006e-10,1.2005330063402653e-10
2023-10-10,-513.6203427987057,-513.6203427984146,-513.6203427984148,-2.9103830456733704e-10,-2.909246177296154e-10
2023-10-11,1488.518026996695,1488.5180269964087,1488.5180269964085,2.8626345738302916e-10,2.864908310584724e-10
2023-10-12,-101.8489398653619,-101.84893986520271,-101.84893986520277,-1.5918999451969285e-10,-1.5913315110083204e-10
2023-10-13,-1778.2537545508821,-1778.253754550897,-1778.2537545508967,1.4779288903810084e-11,1.4551915228366852e-11
2023-10-16,3208.7343366420246,3208.7343366420578,3208.7343366420578,-3.319655661471188e-11,-3.319655661471188e-11
2023-10-17,-4237.590543769067,-4237.590543769195,-4237.590543769195,1.2823875294998288e-10,1.2823875294998288e-10
2023-10-18,-4130.0681768489885,-4130.068176848981,-4130.068176848981,-7.275957614183426e-12,-7.275957614183426e-12
2023-10-19,6467.418856205768,6467.418856205757,6467.418856205758,1.0913936421275139e-11,1.000444171950221e-11
2023-10-20,-3629.563504754042,-3629.563504753981,-3629.5635047539813,-6.093614501878619e-11,-6.048139766789973e-11
2023-10-23,1411.5388168469653,1411.5388168468917,1411.5388168468912,7.366907084360719e-11,7.412381819449365e-11
2023-10-24,4144.676117508789,4144.676117508878,4144.676117508877,-8.913048077374697e-11,-8.822098607197404e-11
2023-10-25,-4748.2416260066675,-4748.241626006608,-4748.2416260066075,-5.911715561524034e-11,-6.002665031701326e-11
2023-10-26,-7341.495932027174,-7341.495932027113,-7341.495932027112,-6.093614501878619e-11,-6.184563972055912e-11
2023-10-27,-3481.7190359157976,-3481.719035916054,-3481.719035916054,2.5647750589996576e-10,2.5647750589996576e-10
2023-10-30,4949.520710934943,4949.5207109350085,4949.520710935008,-6.548361852765083e-11,-6.45741238258779e-11
2023-10-31,-1579.6948599944008,-1579.6948599943946,-1579.694859994395,-6.139089236967266e-12,-5.6843418860808015e-12
2023-11-01,4544.994315088494,4544.994315088609,4544.99431508861,-1.1550582712516189e-10,-1.1641532182693481e-10
2023-11-02,7771.220910422562,7771.22091042253,7771.220910422531,3.183231456205249e-11,3.092281986027956e-11
2023-11-03,1723.3928498182213,1723.3928498181979,1723.3928498181976,2.3419488570652902e-11,2.3646862246096134e-11
2023-11-06,4510.400289731158,4510.400289731264,4510.400289731263,-1.0550138540565968e-10,-1.0459189070388675e-10
2023-11-07,1043.9271101215854,1043.9271101216955,1043.9271101216955,-1.1004885891452432e-10,-1.1004885891452432e-10
2023-11-08,3154.3915942409076,3154.391594240769,3154.391594240769,1.3869794202037156e-10,1.3869794202037156e-10
2023-11-09,-3218.6978809110005,-3218.6978809110183,-3218.697880911018,1.77351466845721e-11,1.7280399333685637e-11
2023-11-10,6470.0134745583055,6470.013474558304,6470.013474558304,1.8189894035458565e-12,1.8189894035458565e-12
2023-11-13,2294.9573666967917,2294.957366696794,2294.957366696794,-2.2737367544323206e-12,-2.2737367544323206e-12
2023-11-14,2789.5350611688336,2789.535061168861,2789.5350611688614,-2.7284841053187847e-11,-2.773958840407431e-11
2023-11-15,-2080.5466246907017,-2080.546624690711,-2080.5466246907113,9.094947017729282e-12,9.549694368615746e-12
2023-11-16,1484.9259305939777,1484.9259305940834,1484.9259305940839,-1.0572875908110291e-10,-1.0618350643198937e-10
2023-11-17,598.3166706618504,598.316670661752,598.316670661752,9.833911462919787e-11,9.833911462919787e-11
2023-11-20,4113.486615208152,4113.486615208069,4113.4866152080685,8.276401786133647e-11,8.36735125631094e-11
2023-11-21,-1057.2552053948166,-1057.255205394686,-1057.2552053946858,-1.305124897044152e-10,-1.3073986337985843e-10
2023-11-22,-750.1706850492628,-750.1706850492633,-750.1706850492635,4.547473508864641e-13,6.821210263296962e-13
2023-11-23,0.0,0.0,0.0,0.0,0.0
2023-11-24,-206.93199513520813,-206.93199513523024,-206.9319951352301,2.2112089936854318e-11,2.1969981389702298e-11
2023-11-27,-1161.5594407076132,-1161.5594407077033,-1161.5594407077035,9.00399754755199e-11,9.026734915096313e-11
2023-11-28,-526.8988145114854,-526.8988145114729,-526.8988145114728,-1.2505552149377763e-11,-1.261923898709938e-11
2023-11-29,-1145.6503614360117,-1145.6503614359601,-1145.6503614359601,-5.161382432561368e-11,-5.161382432561368e-11
2023-11-30,-1527.2169663837412,-1527.2169663836662,-1527.216966383665,-7.503331289626658e-11,-7.617018127348274e-11
2023-12-01,-1818.4849731266731,-1818.4849731266759,-1818.4849731266759,2.7284841053187847e-12,2.7284841053187847e-12
2023-12-04,-3956.320393514645,-3956.320393514647,-3956.3203935146466,2.2737367544323206e-12,1.8189894035458565e-12
2023-12-05,1006.0041555720381,1006.0041555719293,1006.0041555719296,1.0879830369958654e-10,1.0857093002414331e-10
2023-12-06,-3730.3068223005976,-3730.306822300503,-3730.306822300503,-9.458744898438454e-11,-9.458744898438454e-11
2023-12-07,3426.690462478902,3426.6904624789645,3426.690462478965,-6.230038707144558e-11,-6.275513442233205e-11
2023-12-08,4305.47668948205,4305.476689482073,4305.476689482073,-2.3646862246096134e-11,-2.3646862246096134e-11
2023-12-11,531.3140532131074,531.3140532130536,531.3140532130539,5.377387424232438e-11,5.354650056688115e-11
2023-12-12,3703.181336289621,3703.1813362896496,3703.181336289649,-2.864908310584724e-11,-2.8194335754960775e-11
2023-12-13,5998.053085523716,5998.053085523602,5998.053085523602,1.1368683772161603e-10,1.1368683772161603e-10
2023-12-14,-2518.7649318628246,-2518.7649318628023,-2518.764931862802,-2.2282620193436742e-11,-2.2737367544323206e-11
2023-12-15,1870.9809525765013,1870.9809525765215,1870.9809525765215,-2.0236257114447653e-11,-2.0236257114447653e-11
2023-12-18,6396.510556455585,6396.510556455619,6396.51055645562,-3.3651303965598345e-11,-3.456079866737127e-11
2023-12-19,1673.2951101124636,1673.2951101126537,1673.2951101126537,-1.90084392670542e-10,-1.90084392670542e-10
2023-12-20,-6542.232729299692,-6542.232729299972,-6542.232729299971,2.7921487344428897e-10,2.7830537874251604e-10
2023-12-21,3230.583780231769,3230.583780231965,3230.5837802319656,-1.9599610823206604e-10,-1.964508555829525e-10
2023-12-22,-1181.5630982144503,-1181.5630982145326,-1181.5630982145326,8.230927051045e-11,8.230927051045e-11
2023-12-25,0.0,0.0,0.0,0.0,0.0
2023-12-26,2016.5703960013343,2016.5703960013052,2016.570396001305,2.9103830456733704e-11,2.9331204132176936e-11
2023-12-27,1561.727218594926,1561.7272185948545,1561.727218594854,7.139533408917487e-11,7.185008144006133e-11
2023-12-28,-622.9146184880519,-622.9146184881179,-622.914618488118,6.59383658785373e-11,6.605205271625891e-11
2023-12-29,-909.3090855306946,-909.309085530657,-909.309085530657,-3.7630343285854906e-11,-3.7630343285854906e-11
2024-01-01,0.0,0.0,0.0,0.0,0.0
2024-01-02,-3397.671501442208,-3397.6715014419115,-3397.6715014419115,-2.964952727779746e-10,-2.964952727779746e-10
2024-01-03,705.0111263808212,705.011126380745,705.0111263807455,7.617018127348274e-11,7.571543392259628e-11
2024-01-04,-212.31823633628665,-212.31823633634932,-212.3182363363494,6.266986929404084e-11,6.275513442233205e-11
2024-01-05,1947.8839369413326,1947.883936941356,1947.8839369413558,-2.3419488570652902e-11,-2.319211489520967e-11
2024-01-08,6695.61674819683,6695.616748196881,6695.616748196882,-5.184119800105691e-11,-5.275069270282984e-11
2024-01-09,199.79568688524887,199.7956868852105,199.79568688521067,3.836930773104541e-11,3.8198777474462986e-11
2024-01-10,2622.9180911484873,2622.918091148368,2622.918091148368,1.191438059322536e-10,1.191438059322536e-10
2024-01-11,3093.65424253972,3093.6542425397165,3093.654242539716,3.637978807091713e-12,4.092726157978177e-12
2024-01-12,1278.142482409603,1278.1424824097755,1278.1424824097758,-1.7257661966141313e-10,-1.7280399333685637e-10
2024-01-15,0.0,0.0,0.0,0.0,0.0
2024-01-16,-1852.1485464589787,-1852.1485464589546,-1852.1485464589548,-2.4101609596982598e-11,-2.3874235921539366e-11
2024-01-17,-2065.485290401324,-2065.4852904014133,-2065.4852904014133,8.913048077374697e-11,8.913048077374697e-11
2024-01-18,4118.310647319595,4118.310647319609,4118.31064731961,-1.4551915228366852e-11,-1.546140993013978e-11
2024-01-19,8321.812403352233,8321.812403352289,8321.81240335229,-5.638867150992155e-11,-5.820766091346741e-11
2024-01-22,1094.5916960621835,1094.5916960621505,1094.5916960621503,3.296918293926865e-11,3.319655661471188e-11
2024-01-23,1245.1019909039605,1245.101990904023,1245.1019909040233,-6.252776074688882e-11,-6.275513442233205e-11
2024-01-24,9322.598549395334,9322.598549395265,9322.598549395265,6.912159733474255e-11,6.912159733474255e-11
2024-01-25,434.49976519605843,434.49976519611675,434.4997651961168,-5.832134775118902e-11,-5.837819117004983e-11
2024-01-26,300.8961682821391,300.8961682821167,300.89616828211655,2.2396307031158358e-11,2.2566837287740782e-11
2024-01-29,4180.138542737986,4180.138542737941,4180.13854273794,4.547473508864641e-11,4.638422979041934e-11
2024-01-30,-434.1613856515032,-434.1613856514714,-434.1613856514714,-3.183231456205249e-11,-3.183231456205249e-11
2024-01-31,-4782.59800673445,-4782.598006734501,-4782.598006734499,5.093170329928398e-11,4.9112713895738125e-11
2024-02-01,6353.0542016614345,6353.054201661248,6353.05420166125,1.864464138634503e-10,1.8462742445990443e-10
2024-02-02,9865.082145439577,9865.082145439525,9865.082145439525,5.275069270282984e-11,5.275069270282984e-11
2024-02-05,8731.143350915285,8731.143350915332,8731.143350915332,-4.729372449219227e-11,-4.729372449219227e-11
2024-02-06,-1617.9227785835974,-1617.9227785836697,-1617.9227785836697,7.23048287909478e-11,7.23048287909478e-11
2024-02-07,8000.316915537231,8000.316915537414,8000.316915537414,-1.837179297581315e-10,-1.837179297581315e-10
2024-02-08,1141.1848828250659,1141.1848828250043,1141.184882825004,6.161826604511589e-11,6.184563972055912e-11
2024-02-09,3827.415776826092,3827.4157768261107,3827.4157768261102,-1.864464138634503e-11,-1.8189894035458565e-11
2024-02-12,-1638.7188255251967,-1638.718825525167,-1638.7188255251667,-2.97859514830634e-11,-3.001332515850663e-11
2024-02-13,-1349.1376305832528,-1349.1376305834494,-1349.1376305834497,1.9667822925839573e-10,1.9690560293383896e-10
2024-02-14,7761.645340941381,7761.645340941512,7761.645340941511,-1.3096723705530167e-10,-1.3005774235352874e-10
2024-02-15,2383.623956663301,2383.623956663324,2383.623956663323,-2.2737367544323206e-11,-2.1827872842550278e-11
2024-02-16,991.5640490927617,991.5640490926329,991.5640490926327,1.2880718713859096e-10,1.290345608140342e-10
2024-02-19,0.0,0.0,0.0,0.0,0.0
2024-02-20,-9183.111557645374,-9183.111557645296,-9183.111557645298,-7.821654435247183e-11,-7.639755494892597e-11
2024-02-21,-3377.5920547875576,-3377.5920547874293,-3377.59205478743,-1.2823875294998288e-10,-1.2778400559909642e-10
2024-02-22,22057.539302055142,22057.539302055025,22057.539302055025,1.1641532182693481e-10,1.1641532182693481e-10
2024-02-23,90.75540061324136,90.75540061314743,90.75540061314737,9.393374966748524e-11,9.399059308634605e-11
2024-02-26,1283.6409267964773,1283.6409267966474,1283.6409267966471,-1.7007550923153758e-10,-1.6984813555609435e-10
2024-02-27,-427.0631453162059,-427.06314531623076,-427.06314531623076,2.4840574042173102e-11,2.4840574042173102e-11
2024-02-28,-3092.7460902311723,-3092.7460902313082,-3092.746090231308,1.3596945791505277e-10,1.355147105641663e-10
2024-02-29,1891.8583005047403,1891.8583005047776,1891.8583005047774,-3.728928277269006e-11,-3.7061909097246826e-11
2024-03-01,11182.628763275687,11182.628763275583,11182.628763275583,1.0368239600211382e-10,1.0368239600211382e-10
2024-03-04,2860.8413091463735,2860.841309146327,2860.8413091463267,4.638422979041934e-11,4.6838977141305804e-11
2024-03-05,-3130.1355228884495,-3130.1355228884036,-3130.135522888403,-4.5929482439532876e-11,-4.638422979041934e-11
2024-03-06,4582.323528272158,4582.323528272114,4582.323528272114,4.3655745685100555e-11,4.3655745685100555e-11
2024-03-07,6744.519147780491,6744.519147780651,6744.51914778065,-1.6007106751203537e-10,-1.5916157281026244e-10
2024-03-08,-10887.285312529886,-10887.285312529864,-10887.285312529864,-2.1827872842550278e-11,-2.1827872842550278e-11
2024-03-11,-7087.787567860738,-7087.787567860836,-7087.787567860835,9.822542779147625e-11,9.731593308970332e-11
2024-03-12,11905.794520525495,11905.794520525602,11905.794520525602,-1.0732037480920553e-10,-1.0732037480920553e-10
2024-03-13,-1648.3347995311487,-1648.33479953123,-1648.33479953123,8.117240213323385e-11,8.117240213323385e-11
2024-03-14,-3429.7777704620967,-3429.777770462161,-3429.7777704621603,6.411937647499144e-11,6.366462912410498e-11
2024-03-15,-2900.2172880810685,-2900.217288080981,-2900.2172880809812,-8.776623872108757e-11,-8.731149137020111e-11
2024-03-18,5060.856439879048,5060.856439879178,5060.856439879178,-1.3005774235352874e-10,-1.3005774235352874e-10
2024-03-19,3287.308572478185,3287.308572478091,3287.3085724780904,9.413270163349807e-11,9.458744898438454e-11
2024-03-20,3514.897913597175,3514.8979135971185,3514.897913597119,5.638867150992155e-11,5.5933924159035087e-11
2024-03-21,3568.1412869205233,3568.1412869205133,3568.1412869205133,1.000444171950221e-11,1.000444171950221e-11
2024-03-22,2468.8479708697996,2468.847970869811,2468.847970869811,-1.1368683772161603e-11,-1.1368683772161603e-11
2024-03-25,-572.0429222027306,-572.0429222027823,-572.0429222027822,5.1727511163335294e-11,5.161382432561368e-11
2024-03-26,-2531.245792053116,-2531.2457920530405,-2531.24579205304,-7.548806024715304e-11,-7.594280759803951e-11
2024-03-27,-769.9646964213462,-769.9646964213098,-769.9646964213097,-3.637978807091713e-11,-3.6493474908638746e-11
2024-03-28,50.632399613794405,50.6323996137631,50.63239961376324,3.1306512937590014e-11,3.1164404390437994e-11
2024-03-29,0.0,0.0,0.0,0.0,0.0
2024-04-01,-1739.605501213984,-1739.6055012139977,-1739.6055012139975,1.3642420526593924e-11,1.3415046851150692e-11
2024-04-02,16.47094630729407,16.470946307331694,16.47094630733175,-3.7623237858497305e-11,-3.768008127735811e-11
2024-04-03,1615.1406169481925,1615.1406169481972,1615.1406169481977,-4.774847184307873e-12,-5.229594535194337e-12
2024-04-04,-8080.1520973791485,-8080.152097379288,-8080.1520973792885,1.3915268937125802e-10,1.4006218407303095e-10
2024-04-05,9027.051545013674,9027.051545013734,9027.051545013734,-6.002665031701326e-11,-6.002665031701326e-11
2024-04-08,-2752.3176981642027,-2752.3176981641964,-2752.3176981641964,-6.366462912410498e-12,-6.366462912410498e-12
2024-04-09,-4540.792218377232,-4540.792218377101,-4540.792218377102,-1.3096723705530167e-10,-1.3005774235352874e-10
2024-04-10,1033.9299424110795,1033.9299424109495,1033.9299424109495,1.3005774235352874e-10,1.3005774235352874e-10
2024-04-11,3821.5935023333877,3821.5935023334014,3821.5935023334014,-1.3642420526593924e-11,-1.3642420526593924e-11
2024-04-12,-12191.492545616522,-12191.49254561647,-12191.49254561647,-5.275069270282984e-11,-5.275069270282984e-11
2024-04-15,-5614.423076128645,-5614.423076128668,-5614.423076128667,2.2737367544323206e-11,2.1827872842550278e-11
2024-04-16,304.94643316220026,304.94643316211994,304.94643316211983,8.031975085032173e-11,8.043343768804334e-11
2024-04-17,-3461.3252325277426,-3461.325232527475,-3461.3252325274752,-2.6784618967212737e-10,-2.673914423212409e-10
2024-04-18,1475.816932290967,1475.8169322908198,1475.8169322908193,1.4733814168721437e-10,1.4779288903810084e-10
2024-04-19,-12347.22040693299,-12347.220406933075,-12347.220406933075,8.549250196665525e-11,8.549250196665525e-11
2024-04-22,5683.733755283756,5683.7337552838935,5683.7337552838935,-1.3733369996771216e-10,-1.3733369996771216e-10
2024-04-23,9305.167897346662,9305.167897346502,9305.167897346504,1.6007106751203537e-10,1.5825207810848951e-10
2024-04-24,-4370.53634351003,-4370.536343510033,-4370.536343510032,2.7284841053187847e-12,1.8189894035458565e-12
2024-04-25,-8010.981268678035,-8010.981268677941,-8010.981268677944,-9.367795428261161e-11,-9.094947017729282e-11
2024-04-26,3884.697443100682,3884.697443100558,3884.697443100558,1.241460267920047e-10,1.241460267920047e-10
2024-04-29,-465.35661172884284,-465.3566117287236,-465.3566117287236,-1.1925749276997522e-10,-1.1925749276997522e-10
2024-04-30,2127.1259074962,2127.1259074961667,2127.1259074961667,3.319655661471188e-11,3.319655661471188e-11
2024-05-01,-3114.876706410665,-3114.8767064106946,-3114.876706410694,2.955857780762017e-11,2.9103830456733704e-11
2024-05-02,1382.4511034719762,1382.4511034719728,1382.4511034719724,3.410605131648481e-12,3.865352482534945e-12
2024-05-03,3681.9240730021265,3681.9240730020615,3681.924073002062,6.502887117676437e-11,6.45741238258779e-11
2024-05-06,11368.419223319623,11368.419223319657,11368.419223319657,-3.456079866737127e-11,-3.456079866737127e-11
2024-05-07,416.2492896797485,416.24928967987245,416.2492896798725,-1.2397549653542228e-10,-1.240323399542831e-10
2024-05-08,1514.3057671572897,1514.3057671571723,1514.3057671571723,1.1732481652870774e-10,1.1732481652870774e-10
2024-05-09,-200.54277545888908,-200.54277545880396,-200.54277545880396,-8.512301974406e-11,-8.512301974406e-11
2024-05-10,706.9953995645046,706.9953995644561,706.995399564456,4.8544279707130045e-11,4.865796654485166e-11
2024-05-13,-1428.3288364756154,-1428.3288364757607,-1428.3288364757607,1.4529177860822529e-10,1.4529177860822529e-10
2024-05-14,3935.658061077411,3935.6580610775973,3935.6580610775973,-1.864464138634503e-10,-1.864464138634503e-10
2024-05-15,9613.397933131957,9613.397933132015,9613.397933132015,-5.820766091346741e-11,-5.820766091346741e-11
2024-05-16,-3921.854253258789,-3921.854253258834,-3921.854253258834,4.501998773775995e-11,4.501998773775995e-11
2024-05-17,-1068.6418792370823,-1068.641879237111,-1068.6418792371112,2.864908310584724e-11,2.887645678129047e-11
2024-05-20,574.331210098404,574.3312100983396,574.3312100983396,6.434675015043467e-11,6.434675015043467e-11
2024-05-21,3306.2627586419694,3306.262758642106,3306.262758642106,-1.3642420526593924e-10,-1.3642420526593924e-10
2024-05-22,-1311.246647428139,-1311.2466474281819,-1311.2466474281816,4.274625098332763e-11,4.2518877307884395e-11
2024-05-23,6668.623209886195,6668.623209886166,6668.6232098861665,2.9103830456733704e-11,2.8194335754960775e-11
2024-05-24,6460.876362231502,6460.876362231362,6460.876362231363,1.4006218407303095e-10,1.3915268937125802e-10
2024-05-27,0.0,0.0,0.0,0.0,0.0
2024-05-28,7049.311351468728,7049.311351468822,7049.311351468823,-9.367795428261161e-11,-9.458744898438454e-11
2024-05-29,-1378.6570687012281,-1378.6570687012827,-1378.6570687012825,5.4569682106375694e-11,5.434230843093246e-11
2024-05-30,-5239.9176629961585,-5239.917662995971,-5239.91766299597,-1.8735590856522322e-10,-1.8826540326699615e-10
2024-05-31,1542.0442058292683,1542.0442058291835,1542.044205829184,8.481038094032556e-11,8.43556335894391e-11
2024-06-03,6706.388528941956,6706.388528942176,6706.388528942177,-2.2009771782904863e-10,-2.2100721253082156e-10
2024-06-04,1590.139567485894,1590.1395674857822,1590.1395674857822,1.1186784831807017e-10,1.1186784831807017e-10
2024-06-05,8344.399740580353,8344.399740580368,8344.399740580366,-1.4551915228366852e-11,-1.2732925824820995e-11
2024-06-06,611.6531964280293,611.6531964281331,611.653196428133,-1.0379608283983544e-10,-1.0368239600211382e-10
2024-06-07,2086.888995899004,2086.8889958989575,2086.888995898957,4.638422979041934e-11,4.6838977141305804e-11
2024-06-10,4085.3259416941437,4085.325941693991,4085.3259416939914,1.5279510989785194e-10,1.5234036254696548e-10
2024-06-11,-1216.5130416988395,-1216.513041698831,-1216.513041698831,-8.412825991399586e-12,-8.412825991399586e-12
2024-06-12,2983.5353116985643,2983.5353116986007,2983.5353116986007,-3.637978807091713e-11,-3.637978807091713e-11
2024-06-13,6058.017644417181,6058.017644417259,6058.017644417258,-7.821654435247183e-11,-7.73070496506989e-11
2024-06-14,2575.3961690124124,2575.3961690121646,2575.3961690121646,2.4783730623312294e-10,2.4783730623312294e-10
2024-06-17,2778.501416639192,2778.501416639541,2778.501416639541,-3.48791218129918e-10,-3.48791218129918e-10
2024-06-18,4677.216626442503,4677.216626442388,4677.216626442388,1.1550582712516189e-10,1.1550582712516189e-10
2024-06-19,0.0,0.0,0.0,0.0,0.0
2024-06-20,-4507.565728937276,-4507.565728937299,-4507.5657289373,2.3646862246096134e-11,2.4556356947869062e-11
2024-06-21,-6909.41790777375,-6909.417907773833,-6909.417907773834,8.276401786133647e-11,8.36735125631094e-11
2024-06-24,-4758.6731389779015,-4758.673138977802,-4758.673138977802,-9.913492249324918e-11,-9.913492249324918e-11
2024-06-25,10449.765541775327,10449.765541775276,10449.765541775276,5.093170329928398e-11,5.093170329928398e-11
2024-06-26,800.880966038676,800.8809660386574,800.8809660386574,1.8530954548623413e-11,1.8530954548623413e-11
2024-06-27,-370.62506274250336,-370.62506274242855,-370.6250627424286,-7.480593922082335e-11,-7.474909580196254e-11
2024-06-28,-2189.4193372786976,-2189.4193372786694,-2189.4193372786704,-2.8194335754960775e-11,-2.7284841053187847e-11
2024-07-01,1620.9895478793187,1620.9895478793132,1620.989547879313,5.4569682106375694e-12,5.6843418860808015e-12
2024-07-02,1382.1118875400862,1382.111887539953,1382.1118875399527,1.3324097380973399e-10,1.3346834748517722e-10
2024-07-03,2733.5852977406466,2733.5852977406757,2733.5852977406753,-2.9103830456733704e-11,-2.864908310584724e-11
2024-07-04,0.0,0.0,0.0,0.0,0.0
2024-07-05,6185.491400217637,6185.4914002176965,6185.491400217697,-5.911715561524034e-11,-6.002665031701326e-11
2024-07-08,407.5040400107391,407.5040400108768,407.50404001087645,-1.37674760480877e-10,-1.3733369996771216e-10
2024-07-09,5233.83726696996,5233.837266969682,5233.837266969683,2.7830537874251604e-10,2.773958840407431e-10
2024-07-10,3946.472586366115,3946.472586366342,3946.4725863663425,-2.269189280923456e-10,-2.2737367544323206e-10
2024-07-11,-11945.995761914179,-11945.995761914226,-11945.995761914226,4.729372449219227e-11,4.729372449219227e-11
2024-07-12,1551.7798939245986,1551.7798939247664,1551.779893924766,-1.6780177247710526e-10,-1.673470251262188e-10
2024-07-15,1650.5216717976145,1650.5216717973874,1650.5216717973874,2.2714630176778883e-10,2.2714630176778883e-10
2024-07-16,-8.153877216740511,-8.153877216615214,-8.153877216615108,-1.2529710602393607e-10,-1.2540368743430008e-10
2024-07-17,-9258.192213201546,-9258.192213201579,-9258.192213201577,3.2741809263825417e-11,3.092281986027956e-11
2024-07-18,-7790.589320946136,-7790.589320946131,-7790.589320946131,-4.547473508864641e-12,-4.547473508864641e-12
2024-07-19,-2051.6529396640835,-2051.652939664154,-2051.6529396641545,7.048583938740194e-11,7.09405867382884e-11
2024-07-22,7385.109817558783,7385.109817558898,7385.109817558898,-1.1459633242338896e-10,-1.1459633242338896e-10
2024-07-23,584.9658836222952,584.9658836220585,584.9658836220586,2.3669599613640457e-10,2.3658230929868296e-10
2024-07-24,-13228.344522917352,-13228.344522917167,-13228.344522917165,-1.8553691916167736e-10,-1.8735590856522322e-10
2024-07-25,-6875.38883447554,-6875.388834475689,-6875.388834475688,1.4915713109076023e-10,1.482476363889873e-10
2024-07-26,2665.581403083401,2665.5814030835068,2665.5814030835068,-1.0595613275654614e-10,-1.0595613275654614e-10
2024-07-29,-1307.0181066071964,-1307.0181066071782,-1307.0181066071782,-1.8189894035458565e-11,-1.8189894035458565e-11
2024-07-30,-7080.30971409526,-7080.30971409526,-7080.309714095258,0.0,-1.8189894035458565e-12
2024-07-31,11701.020267865737,11701.020267865739,11701.02026786574,-1.8189894035458565e-12,-3.637978807091713e-12
2024-08-01,-2725.453312317666,-2725.4533123173564,-2725.453312317357,-3.0968294595368207e-10,-3.092281986027956e-10
2024-08-02,-6769.665774661524,-6769.665774661504,-6769.665774661504,-2.000888343900442e-11,-2.000888343900442e-11
2024-08-05,-17211.04900040169,-17211.04900040177,-17211.04900040177,8.003553375601768e-11,8.003553375601768e-11
2024-08-06,8782.047449081496,8782.04744908152,8782.047449081518,-2.3646862246096134e-11,-2.1827872842550278e-11
2024-08-07,-4768.3243467865395,-4768.324346786419,-4768.3243467864195,-1.2096279533579946e-10,-1.2005330063402653e-10
2024-08-08,18609.932641142106,18609.932641142022,18609.932641142022,8.36735125631094e-11,8.36735125631094e-11
2024-08-09,7328.230211637623,7328.2302116375595,7328.2302116375595,6.366462912410498e-11,6.366462912410498e-11
2024-08-12,1794.9681051531807,1794.9681051531666,1794.9681051531663,1.4097167877480388e-11,1.432454155292362e-11
2024-08-13,9508.571499066078,9508.571499066325,9508.571499066325,-2.473825588822365e-10,-2.473825588822365e-10
2024-08-14,6082.281624754425,6082.281624754284,6082.281624754284,1.4097167877480388e-10,1.4097167877480388e-10
2024-08-15,5816.215197212528,5816.215197212407,5816.215197212407,1.2187229003757238e-10,1.2187229003757238e-10
2024-08-16,256.8844247752568,256.8844247752271,256.8844247752271,2.9672264645341784e-11,2.9672264645341784e-11
2024-08-19,5365.6730126482435,5365.673012648321,5365.673012648322,-7.73070496506989e-11,-7.821654435247183e-11
2024-08-20,2039.716733455658,2039.716733455638,2039.7167334556382,2.000888343900442e-11,1.978150976356119e-11
2024-08-21,984.8546363097848,984.8546363098212,984.8546363098212,-3.637978807091713e-11,-3.637978807091713e-11
2024-08-22,-2554.213532165042,-2554.21353216506,-2554.2135321650594,1.77351466845721e-11,1.7280399333685637e-11
2024-08-23,4964.933839391801,4964.933839391861,4964.933839391861,-6.002665031701326e-11,-6.002665031701326e-11
2024-08-26,-426.4926285656402,-426.49262856573046,-426.4926285657303,9.026734915096313e-11,9.00968188943807e-11
2024-08-27,3583.733751513646,3583.733751513533,3583.733751513533,1.127773430198431e-10,1.127773430198431e-10
2024-08-28,-3620.7924873225857,-3620.7924873223315,-3620.7924873223315,-2.5420376914553344e-10,-2.5420376914553344e-10
2024-08-29,-3254.3883930264274,-3254.38839302641,-3254.388393026409,-1.7280399333685637e-11,-1.8189894035458565e-11
2024-08-30,7013.924358698772,7013.924358698609,7013.924358698609,1.6370904631912708e-10,1.6370904631912708e-10
2024-09-02,0.0,0.0,0.0,0.0,0.0
2024-09-03,-7990.805550142424,-7990.80555014239,-7990.8055501423905,-3.456079866737127e-11,-3.3651303965598345e-11
2024-09-04,-116.38396098755766,-116.38396098754609,-116.38396098754606,-1.1567635738174431e-11,-1.1596057447604835e-11
2024-09-05,-7634.071215826552,-7634.071215826451,-7634.0712158264505,-1.0095391189679503e-10,-1.0186340659856796e-10
2024-09-06,-8932.832900262321,-8932.832900262372,-8932.83290026237,5.093170329928398e-11,4.9112713895738125e-11
2024-09-09,6335.363881194266,6335.36388119409,6335.36388119409,1.7553247744217515e-10,1.7553247744217515e-10
2024-09-10,-3638.151192332967,-3638.151192332717,-3638.1511923327175,-2.5011104298755527e-10,-2.496562956366688e-10
2024-09-11,4451.442091641366,4451.442091641321,4451.44209164132,4.4565240386873484e-11,4.547473508864641e-11
2024-09-12,3489.8762177620083,3489.876217761922,3489.876217761922,8.640199666842818e-11,8.640199666842818e-11
2024-09-13,-1611.7941021545557,-1611.7941021544743,-1611.7941021544746,-8.139977580867708e-11,-8.117240213323385e-11
2024-09-16,956.9639265513979,956.9639265513129,956.9639265513127,8.503775461576879e-11,8.51514414534904e-11
2024-09-17,-1450.7112834115978,-1450.711283411432,-1450.7112834114319,-1.6575540939811617e-10,-1.659827830735594e-10
2024-09-18,-2520.9742800621316,-2520.974280062172,-2520.9742800621716,4.0472514228895307e-11,4.001776687800884e-11
2024-09-19,6805.450471950811,6805.450471950664,6805.450471950665,1.4733814168721437e-10,1.4642864698544145e-10
2024-09-20,-464.61183195305057,-464.61183195290266,-464.61183195290243,-1.4790657587582245e-10,-1.4813394955126569e-10
2024-09-23,1263.3088011620566,1263.3088011619989,1263.3088011619989,5.775291356258094e-11,5.775291356258094e-11
2024-09-24,1240.5002520034323,1240.5002520033922,1240.5002520033922,4.001776687800884e-11,4.001776687800884e-11
2024-09-25,58.004188975086436,58.00418897502159,58.004188975021634,6.484413006546674e-11,6.480149750132114e-11
2024-09-26,-1936.7974309937563,-1936.797430993668,-1936.7974309936678,-8.822098607197404e-11,-8.844835974741727e-11
2024-09-27,-3381.4839297166327,-3381.4839297165654,-3381.4839297165654,-6.730260793119669e-11,-6.730260793119669e-11
2024-09-30,2598.9836128287716,2598.983612828675,2598.9836128286747,9.640643838793039e-11,9.686118573881686e-11
2024-10-01,-4363.384416486602,-4363.384416486636,-4363.384416486635,3.3651303965598345e-11,3.2741809263825417e-11
2024-10-02,1715.2544757106807,1715.2544757107278,1715.2544757107278,-4.7066350816749036e-11,-4.7066350816749036e-11
2024-10-03,-976.634469956276,-976.6344699562746,-976.6344699562746,-1.3642420526593924e-12,-1.3642420526593924e-12
2024-10-04,5938.462412011111,5938.462412011248,5938.462412011248,-1.3642420526593924e-10,-1.3642420526593924e-10
2024-10-07,-4060.949283775175,-4060.9492837754,-4060.9492837754005,2.2509993868879974e-10,2.255546860396862e-10
2024-10-08,6265.773549451027,6265.7735494510125,6265.773549451012,1.4551915228366852e-11,1.546140993013978e-11
2024-10-09,4945.623202452902,4945.623202452718,4945.623202452718,1.837179297581315e-10,1.837179297581315e-10
2024-10-10,-1521.6898064257111,-1521.6898064255033,-1521.6898064255033,-2.078195393551141e-10,-2.078195393551141e-10
2024-10-11,3386.7108781334246,3386.7108781334277,3386.7108781334273,-3.183231456205249e-12,-2.7284841053187847e-12
2024-10-14,1421.068017073092,1421.0680170732724,1421.0680170732726,-1.8030732462648302e-10,-1.8053469830192626e-10
2024-10-15,-7495.53157618281,-7495.5315761832,-7495.5315761832,3.901732270605862e-10,3.901732270605862e-10
2024-10-16,1813.6303722625598,1813.6303722627954,1813.6303722627956,-2.355591277591884e-10,-2.3578650143463165e-10
2024-10-17,-1283.0159649788402,-1283.0159649788418,-1283.0159649788418,1.5916157281026244e-12,1.5916157281026244e-12
2024-10-18,6301.297906178748,6301.297906178706,6301.297906178707,4.18367562815547e-11,4.092726157978177e-11
2024-10-21,-102.87536146782804,-102.87536146774886,-102.87536146774892,-7.918288247310556e-11,-7.912603905424476e-11
2024-10-22,1001.5823555081151,1001.5823555080499,1001.5823555080498,6.52562448522076e-11,6.536993168992922e-11
2024-10-23,-4404.719975028303,-4404.71997502838,-4404.71997502838,7.639755494892597e-11,7.639755494892597e-11
2024-10-24,247.52607271936722,247.5260727193113,247.5260727193114,5.5933924159035087e-11,5.582023732131347e-11
2024-10-25,-768.310269248439,-768.3102692481942,-768.3102692481945,-2.447677616146393e-10,-2.445403879391961e-10
2024-10-28,1701.7375751656946,1701.7375751655006,1701.7375751655006,1.9394974515307695e-10,1.9394974515307695e-10
2024-10-29,339.4483030695701,339.4483030695719,339.4483030695719,-1.8189894035458565e-12,-1.8189894035458565e-12
2024-10-30,-1791.655453874031,-1791.6554538738956,-1791.6554538738958,-1.355147105641663e-10,-1.3528733688872308e-10
2024-10-31,-6410.317056932137,-6410.317056932369,-6410.31705693237,2.319211489520967e-10,2.3283064365386963e-10
2024-11-01,1284.97725210723,1284.977252107125,1284.9772521071247,1.0504663805477321e-10,1.0527401173021644e-10
2024-11-04,-4092.057498496957,-4092.057498496979,-4092.0574984969794,2.1827872842550278e-11,2.2282620193436742e-11
2024-11-05,4754.268471620977,4754.268471621119,4754.268471621118,-1.418811734765768e-10,-1.4097167877480388e-10
2024-11-06,16426.864664415014,16426.864664415152,16426.86466441515,-1.382431946694851e-10,-1.3460521586239338e-10
2024-11-07,227.30311626102775,227.3031162609863,227.30311626098685,4.146727405895945e-11,4.0898839870351367e-11
2024-11-08,4978.847850642633,4978.8478506425845,4978.8478506425845,4.8203219193965197e-11,4.8203219193965197e-11
2024-11-11,-12918.431091339327,-12918.431091339444,-12918.431091339444,1.1641532182693481e-10,1.1641532182693481e-10
2024-11-12,-1571.2961025452241,-1571.2961025450727,-1571.2961025450727,-1.5143086784519255e-10,-1.5143086784519255e-10
2024-11-13,-4.970097101293504,-4.970097101312984,-4.970097101312813,1.9479529100863147e-11,1.9308998844280723e-11
2024-11-14,-2797.6703033668455,-2797.670303366978,-2797.670303366978,1.3233147910796106e-10,1.3233147910796106e-10
2024-11-15,-7196.084062988288,-7196.0840629883605,-7196.084062988361,7.275957614183426e-11,7.366907084360719e-11
2024-11-18,2439.8020278009353,2439.8020278011572,2439.8020278011577,-2.219167072325945e-10,-2.2237145458348095e-10
2024-11-19,3443.614564607502,3443.6145646074488,3443.614564607449,5.32054400537163e-11,5.275069270282984e-11
2024-11-20,1213.689243185101,1213.6892431851882,1213.6892431851884,-8.708411769475788e-11,-8.731149137020111e-11
2024-11-21,7166.3010955849895,7166.301095584863,7166.301095584863,1.2641976354643703e-10,1.2641976354643703e-10
2024-11-22,4422.244767987751,4422.244767987724,4422.244767987723,2.7284841053187847e-11,2.8194335754960775e-11
2024-11-25,-1931.7377918245038,-1931.7377918243226,-1931.7377918243226,-1.8121681932825595e-10,-1.8121681932825595e-10
2024-11-26,5971.792485643644,5971.79248564351,5971.792485643509,1.3369572116062045e-10,1.3460521586239338e-10
2024-11-27,-81.2930286382325,-81.2930286382957,-81.29302863829554,6.319567091850331e-11,6.303935151663609e-11
2024-11-28,0.0,0.0,0.0,0.0,0.0
2024-11-29,3155.3696676092222,3155.369667609336,3155.3696676093355,-1.1368683772161603e-10,-1.1323209037072957e-10
2024-12-02,95.79554884100799,95.79554884104857,95.79554884104866,-4.058620106661692e-11,-4.0671466194908135e-11
2024-12-03,-816.7366672323551,-816.7366672324579,-816.7366672324579,1.0277290130034089e-10,1.0277290130034089e-10
2024-12-04,1661.1590284039266,1661.159028404105,1661.1590284041051,-1.7826096154749393e-10,-1.7848833522293717e-10
2024-12-05,-1320.8363281975035,-1320.836328197408,-1320.836328197408,-9.549694368615746e-11,-9.549694368615746e-11
2024-12-06,437.88661233044695,437.88661233045644,437.8866123304562,-9.492850949754938e-12,-9.265477274311706e-12
2024-12-09,-5760.168108419399,-5760.168108419394,-5760.168108419394,-4.547473508864641e-12,-4.547473508864641e-12
2024-12-10,-116.87963515496813,-116.87963515522794,-116.87963515522797,2.5981705675803823e-10,2.5984547846746864e-10
2024-12-11,1217.8879401368322,1217.8879401369543,1217.887940136955,-1.2209966371301562e-10,-1.227817847393453e-10
2024-12-12,-4974.086910314509,-4974.086910314431,-4974.0869103144305,-7.73070496506989e-11,-7.821654435247183e-11
2024-12-13,224.7926736182999,224.79267361802982,224.79267361802977,2.700630830076989e-10,2.701199264265597e-10
2024-12-16,-990.5746332535055,-990.5746332533122,-990.5746332533122,-1.9326762412674725e-10,-1.9326762412674725e-10
2024-12-17,-2276.230454931152,-2276.230454931099,-2276.230454931099,-5.32054400537163e-11,-5.32054400537163e-11
2024-12-18,-11142.859393414925,-11142.859393414861,-11142.859393414861,-6.366462912410498e-11,-6.366462912410498e-11
2024-12-19,8.797237651771866,8.797237651481822,8.797237651481822,2.900435447372729e-10,2.900435447372729e-10
2024-12-20,5302.266014648369,5302.266014648511,5302.266014648511,-1.4279066817834973e-10,-1.4279066817834973e-10
2024-12-23,4601.828215920832,4601.828215920851,4601.828215920852,-1.9099388737231493e-11,-2.000888343900442e-11
2024-12-24,6100.131431936054,6100.131431935981,6100.13143193598,7.275957614183426e-11,7.366907084360719e-11
2024-12-25,0.0,0.0,0.0,0.0,0.0
2024-12-26,-12.958289683563635,-12.95828968337064,-12.95828968337064,-1.929940651734796e-10,-1.929940651734796e-10
2024-12-27,-6367.655672352179,-6367.655672352427,-6367.655672352427,2.482920535840094e-10,2.482920535840094e-10
2024-12-30,-6001.005655340501,-6001.005655340367,-6001.005655340367,-1.3369572116062045e-10,-1.3369572116062045e-10
2024-12-31,-1881.1186528494582,-1881.1186528496332,-1881.118652849633,1.7507773009128869e-10,1.7485035641584545e-10
2025-01-01,0.0,0.0,0.0,0.0,0.0
2025-01-02,-170.60343774210196,-170.60343774214996,-170.60343774215008,4.800426722795237e-11,4.8117954065673985e-11
2025-01-03,4768.8821008959785,4768.882100896144,4768.882100896144,-1.6552803572267294e-10,-1.6552803572267294e-10
2025-01-06,-555.5264331717044,-555.5264331717875,-555.5264331717877,8.310507837450132e-11,8.333245204994455e-11
2025-01-07,-2422.2312534482917,-2422.2312534483895,-2422.231253448389,9.777068044058979e-11,9.731593308970332e-11
2025-01-08,966.579338846961,966.579338847053,966.5793388470531,-9.197265171678737e-11,-9.208633855450898e-11
2025-01-09,0.0,0.0,0.0,0.0,0.0
2025-01-10,-6762.849964019726,-6762.849964019807,-6762.849964019806,8.094502845779061e-11,8.003553375601768e-11
2025-01-13,676.7203917547595,676.720391755049,676.7203917550491,-2.8956037567695603e-10,-2.8967406251467764e-10
2025-01-14,-3958.6902267518453,-3958.6902267521564,-3958.690226752157,3.1104718800634146e-10,3.115019353572279e-10
2025-01-15,7126.190025829477,7126.190025829588,7126.190025829588,-1.1095835361629725e-10,-1.1095835361629725e-10
2025-01-16,-48.33577988157049,-48.33577988147603,-48.3357798814762,-9.445955129194772e-11,-9.42890210353653e-11
2025-01-17,6543.233531489968,6543.233531489915,6543.233531489915,5.3660187404602766e-11,5.3660187404602766e-11
2025-01-20,0.0,0.0,0.0,0.0,0.0
2025-01-21,5936.014546143357,5936.014546143414,5936.014546143414,-5.729816621169448e-11,-5.729816621169448e-11
2025-01-22,8751.821790513233,8751.82179051316,8751.821790513159,7.275957614183426e-11,7.457856554538012e-11
2025-01-23,5525.8978641064605,5525.897864106514,5525.897864106515,-5.3660187404602766e-11,-5.4569682106375694e-11
2025-01-24,-1537.3244831259362,-1537.3244831260665,-1537.3244831260668,1.3028511602897197e-10,1.305124897044152e-10
2025-01-27,-1621.4116826067911,-1621.4116826067966,-1621.4116826067957,5.4569682106375694e-12,4.547473508864641e-12
2025-01-28,1806.4314383913297,1806.4314383915637,1806.431438391564,-2.339675120310858e-10,-2.34194885706529e-10
2025-01-29,-602.0628552316921,-602.0628552318768,-602.0628552318767,1.8474111129762605e-10,1.8462742445990443e-10
2025-01-30,5157.731271521538,5157.731271521598,5157.731271521598,-6.002665031701326e-11,-6.002665031701326e-11
2025-01-31,-220.32169841753785,-220.32169841754003,-220.3216984175404,2.1884716261411086e-12,2.5579538487363607e-12
2025-02-03,5121.236605732003,5121.2366057323125,5121.2366057323125,-3.092281986027956e-10,-3.092281986027956e-10
2025-02-04,5228.11926887359,5228.119268873454,5228.1192688734545,1.3642420526593924e-10,1.355147105641663e-10
2025-02-05,5858.19087266014,5858.190872660292,5858.190872660293,-1.5279510989785194e-10,-1.5370460459962487e-10
2025-02-06,4486.199832764687,4486.199832764484,4486.199832764485,2.02817318495363e-10,2.0190782379359007e-10
2025-02-07,-3592.4302711013006,-3592.430271101233,-3592.430271101233,-6.775735528208315e-11,-6.775735528208315e-11
2025-02-10,3096.219790743431,3096.219790743445,3096.2197907434447,-1.4097167877480388e-11,-1.3642420526593924e-11
2025-02-11,411.23546759516466,411.235467595065,411.235467595065,9.964651326299645e-11,9.964651326299645e-11
2025-02-12,2706.7174798739143,2706.717479874035,2706.717479874035,-1.20508047984913e-10,-1.20508047984913e-10
2025-02-13,5006.866912909201,5006.8669129091495,5006.86691290915,5.184119800105691e-11,5.093170329928398e-11
2025-02-14,-1112.7228881721385,-1112.7228881721112,-1112.722888172111,-2.7284841053187847e-11,-2.751221472863108e-11
2025-02-17,0.0,0.0,0.0,0.0,0.0
2025-02-18,-4842.752162572695,-4842.7521625728095,-4842.7521625728095,1.1459633242338896e-10,1.1459633242338896e-10
2025-02-19,1686.3317057373933,1686.331705737466,1686.3317057374663,-7.275957614183426e-11,-7.298694981727749e-11
2025-02-20,-10917.615576094715,-10917.615576094611,-10917.615576094611,-1.0368239600211382e-10,-1.0368239600211382e-10
2025-02-21,-7686.6790403252235,-7686.679040325436,-7686.679040325438,2.128217602148652e-10,2.1464074961841106e-10
2025-02-24,-4579.511146884761,-4579.511146884702,-4579.511146884703,-5.911715561524034e-11,-5.820766091346741e-11
2025-02-25,-1077.2230781815015,-1077.2230781815545,-1077.2230781815545,5.297806637827307e-11,5.297806637827307e-11
2025-02-26,-116.2147019142285,-116.2147019142234,-116.21470191422328,-5.101696842757519e-12,-5.215383680479135e-12
2025-02-27,-5915.7048800565535,-5915.704880056498,-5915.704880056498,-5.547917680814862e-11,-5.547917680814862e-11
2025-02-28,11098.6409084833,11098.640908483365,11098.640908483361,-6.548361852765083e-11,-6.184563972055912e-11
2025-03-03,-4486.049083716469,-4486.0490837165025,-4486.0490837165025,3.3651303965598345e-11,3.3651303965598345e-11
2025-03-04,-9684.724355244194,-9684.72435524398,-9684.724355243981,-2.1464074961841106e-10,-2.128217602148652e-10
2025-03-05,6487.83109416056,6487.831094160467,6487.831094160466,9.276845958083868e-11,9.367795428261161e-11
2025-03-06,-15329.277980113518,-15329.277980113498,-15329.2779801135,-2.000888343900442e-11,-1.8189894035458565e-11
2025-03-07,-6392.799566918984,-6392.799566918929,-6392.7995669189295,-5.547917680814862e-11,-5.4569682106375694e-11
2025-03-10,-12512.541162996436,-12512.541162996538,-12512.54116299654,1.0186340659856796e-10,1.0368239600211382e-10
2025-03-11,-1703.621361921425,-1703.6213619214154,-1703.6213619214159,-9.549694368615746e-12,-9.094947017729282e-12
2025-03-12,1504.5946843435522,1504.5946843436052,1504.594684343605,-5.297806637827307e-11,-5.275069270282984e-11
2025-03-13,-8975.155135247158,-8975.155135247222,-8975.155135247223,6.366462912410498e-11,6.548361852765083e-11
2025-03-14,9892.017416252056,9892.017416252107,9892.017416252109,-5.093170329928398e-11,-5.275069270282984e-11
2025-03-17,6226.712128896499,6226.712128896448,6226.712128896449,5.093170329928398e-11,5.002220859751105e-11
2025-03-18,-5905.64380087133,-5905.643800871286,-5905.643800871286,-4.4565240386873484e-11,-4.4565240386873484e-11
2025-03-19,6544.730448468006,6544.730448467957,6544.730448467958,4.9112713895738125e-11,4.8203219193965197e-11
2025-03-20,-1442.215248576249,-1442.2152485760748,-1442.215248576075,-1.7416823538951576e-10,-1.7394086171407253e-10
2025-03-21,1850.6594193372875,1850.6594193372161,1850.6594193372161,7.139533408917487e-11,7.139533408917487e-11
2025-03-24,8501.615025461302,8501.615025461131,8501.615025461131,1.709850039333105e-10,1.709850039333105e-10
2025-03-25,1056.8748237121617,1056.8748237122772,1056.8748237122772,-1.1550582712516189e-10,-1.1550582712516189e-10
2025-03-26,-3931.926009747549,-3931.926009747611,-3931.9260097476113,6.184563972055912e-11,6.230038707144558e-11
2025-03-27,1194.2000448554754,1194.2000448555552,1194.2000448555552,-7.980816008057445e-11,-7.980816008057445e-11
2025-03-28,-9811.848382390453,-9811.848382390433,-9811.848382390433,-2.000888343900442e-11,-2.000888343900442e-11
2025-03-31,5440.793564449763,5440.793564449651,5440.793564449652,1.1186784831807017e-10,1.1095835361629725e-10
2025-04-01,-3405.8629830231657,-3405.8629830231757,-3405.8629830231753,1.000444171950221e-11,9.549694368615746e-12
2025-04-02,3143.642792173545,3143.6427921736877,3143.6427921736877,-1.4279066817834973e-10,-1.4279066817834973e-10
2025-04-03,-12899.747509607696,-12899.747509608038,-12899.747509608036,3.41970007866621e-10,3.4015101846307516e-10
2025-04-04,-34584.97104352474,-34584.9710435246,-34584.9710435246,-1.382431946694851e-10,-1.382431946694851e-10
2025-04-07,321.4183016020688,321.4183016021112,321.41830160211146,-4.240519047016278e-11,-4.263256414560601e-11
2025-04-08,-4703.5375014723395,-4703.537501472264,-4703.537501472264,-7.548806024715304e-11,-7.548806024715304e-11
2025-04-09,33963.28804781503,33963.28804781478,33963.28804781477,2.546585164964199e-10,2.6193447411060333e-10
2025-04-10,-12284.421108806157,-12284.421108806071,-12284.421108806073,-8.549250196665525e-11,-8.36735125631094e-11
2025-04-11,7530.594954542234,7530.594954542455,7530.594954542455,-2.2100721253082156e-10,-2.2100721253082156e-10
2025-04-14,5111.993552817148,5111.993552817011,5111.99355281701,1.3733369996771216e-10,1.382431946694851e-10
2025-04-15,1509.8137809796026,1509.8137809796422,1509.8137809796417,-3.956301952712238e-11,-3.9108272176235914e-11
2025-04-16,-11097.934824321594,-11097.934824321568,-11097.934824321568,-2.546585164964199e-11,-2.546585164964199e-11
2025-04-17,3701.8816762714996,3701.8816762714127,3701.8816762714137,8.685674401931465e-11,8.594724931754172e-11
2025-04-18,0.0,0.0,0.0,0.0,0.0
2025-04-21,-9620.75662645849,-9620.756626458375,-9620.756626458378,-1.1459633242338896e-10,-1.1095835361629725e-10
2025-04-22,13988.130861827987,13988.130861827909,13988.130861827907,7.821654435247183e-11,8.003553375601768e-11
2025-04-23,5939.3549565081485,5939.354956508111,5939.35495650811,3.728928277269006e-11,3.8198777474462986e-11
2025-04-24,8261.76952472981,8261.769524729787,8261.769524729787,2.3646862246096134e-11,2.3646862246096134e-11
2025-04-25,5118.669939347426,5118.66993934745,5118.66993934745,-2.3646862246096134e-11,-2.3646862246096134e-11
2025-04-28,2867.3607689923374,2867.360768992237,2867.360768992237,1.0049916454590857e-10,1.0049916454590857e-10
2025-04-29,4034.681208654889,4034.681208655069,4034.681208655069,-1.800799509510398e-10,-1.800799509510398e-10
2025-04-30,939.261278834776,939.2612788346626,939.2612788346623,1.134594640461728e-10,1.1368683772161603e-10
2025-05-01,-341.3928952534916,-341.39289525374363,-341.39289525374346,2.5204371922882274e-10,2.518731889722403e-10
2025-05-02,8243.78414689959,8243.784146899648,8243.784146899648,-5.820766091346741e-11,-5.820766091346741e-11
2025-05-05,-7307.977389619453,-7307.977389619548,-7307.977389619549,9.549694368615746e-11,9.640643838793039e-11
2025-05-06,-5751.183764195535,-5751.183764195383,-5751.183764195382,-1.5188561519607902e-10,-1.5370460459962487e-10
2025-05-07,3784.5154620858375,3784.5154620859144,3784.515462085914,-7.685230229981244e-11,-7.639755494892597e-11
2025-05-08,-2459.1579997472,-2459.1579997474296,-2459.1579997474296,2.2964741219766438e-10,2.2964741219766438e-10
2025-05-09,-871.854606919107,-871.8546069191057,-871.8546069191057,-1.3642420526593924e-12,-1.3642420526593924e-12
2025-05-12,5640.1119298421545,5640.1119298420745,5640.111929842074,8.003553375601768e-11,8.094502845779061e-11
2025-05-13,681.0172942319186,681.0172942319896,681.0172942319898,-7.09405867382884e-11,-7.116796041373163e-11
2025-05-14,-5394.522758396459,-5394.522758396343,-5394.522758396342,-1.1550582712516189e-10,-1.1641532182693481e-10
2025-05-15,7489.564529782743,7489.564529782845,7489.564529782846,-1.0186340659856796e-10,-1.0277290130034089e-10
2025-05-16,6354.690299035283,6354.690299035089,6354.690299035089,1.9372237147763371e-10,1.9372237147763371e-10
2025-05-19,1484.4967300387798,1484.4967300389076,1484.4967300389076,-1.2778400559909642e-10,-1.2778400559909642e-10
2025-05-20,-1214.0709290454397,-1214.0709290454442,-1214.0709290454447,4.547473508864641e-12,5.002220859751105e-12
2025-05-21,-5005.733053882956,-5005.733053882907,-5005.7330538829065,-4.8203219193965197e-11,-4.9112713895738125e-11
2025-05-22,-1610.5757015681593,-1610.575701568357,-1610.5757015683566,1.978150976356119e-10,1.9736035028472543e-10
2025-05-23,-1959.0698733619647,-1959.069873361927,-1959.069873361927,-3.774403012357652e-11,-3.774403012357652e-11
